dopant,dose(cm^-2),energy(KeV),wavelength(um),repetition rate (KHz),power (W),temperature( C ),measurement1,measurement2,measurement3,measurement4,measurement5,measurement6,measurement7,measurement8,measurement9,average value,simulation value
2,2000000000000000.0,25,532,100,2.995,300,463.0,463.0,463.0,463.0,463.0,463.0,463.0,463.0,463.0,462.8333333,270.5
1,800000000000000.0,40,532,100,4.493,300,1510.0,1510.0,1510.0,1510.0,1510.0,1510.0,1510.0,1510.0,1510.0,1508.0,156.0
2,5000000000000000.0,40,532,100,1.496,25,59600000.0,42600000.0,51100000.0,47100000.0,48100000.0,47600000.0,59600000.0,55100000.0,57300000.0,52010000.0,2371.0
1,5000000000000000.0,10,532,100,6.002,25,95.9,95.9,95.9,95.4,95.4,95.4,95.4,95.4,95.4,95.54666667,156.8
1,800000000000000.0,40,532,50,1.497,300,5770.0,5780.0,5780.0,5760.0,5770.0,5770.0,5780.0,5790.0,5780.0,5775.666667,185.7
2,800000000000000.0,25,355,50,2.327,300,411.0,412.0,411.0,414.0,414.0,414.0,412.0,412.0,412.0,412.5666667,256.6
2,800000000000000.0,55,0,0,0.0,25,79800000.0,83100000.0,81500000.0,88600000.0,68100000.0,78400000.0,78300000.0,80200000.0,79300000.0,79690000.0,7343.0
1,2000000000000000.0,10,355,50,2.998,301,119.0,119.0,119.0,119.0,119.0,119.0,119.0,119.0,119.0,118.9,91.91
1,5000000000000000.0,55,532,100,2.995,300,243.0,243.0,243.0,243.0,243.0,243.0,243.0,243.0,243.0,243.1,75.49
1,2000000000000000.0,25,532,100,1.497,300,2880000000.0,844000000.0,1860000000.0,3060000000.0,653000000.0,1860000000.0,3180000000.0,608000000.0,1900000000.0,1871666667.0,161.1
2,500000000000000.0,25,532,100,4.493,300,1400.0,1410.0,1410.0,1410.0,1410.0,1410.0,1410.0,1410.0,1410.0,1406.666667,311.2
1,500000000000000.0,25,532,100,2.995,300,5580.0,5610.0,5600.0,5600.0,5610.0,5600.0,5600.0,5610.0,5600.0,5600.333333,260.3
1,500000000000000.0,10,355,100,0.997,300,1690000000.0,1040000000.0,1370000000.0,1670000000.0,1000000000.0,1330000000.0,1770000000.0,1010000000.0,1390000000.0,1363666667.0,414.4
1,2000000000000000.0,55,532,100,4.493,300,391.0,393.0,392.0,394.0,394.0,394.0,394.0,394.0,394.0,393.2,93.08
1,800000000000000.0,55,532,50,1.497,300,12500.0,12500.0,12500.0,12500.0,12500.0,12500.0,12500.0,12500.0,12500.0,12486.66667,191.1
2,800000000000000.0,55,355,100,0.999,25,24000000.0,24100000.0,24100000.0,23500000.0,23600000.0,23500000.0,23600000.0,23900000.0,23700000.0,23763333.33,2439.0
1,800000000000000.0,55,532,100,5.998,25,3680.0,3680.0,3680.0,3690.0,3690.0,3690.0,3680.0,3690.0,3690.0,3684.666667,184.2
2,500000000000000.0,10,532,50,1.498,25,39800000.0,37100000.0,38400000.0,38600000.0,37900000.0,38300000.0,38700000.0,38300000.0,38500000.0,38393333.33,4226.0
1,500000000000000.0,40,355,50,1.002,25,7100000.0,7120000.0,7110000.0,7110000.0,7070000.0,7090000.0,7080000.0,7040000.0,7060000.0,7086333.333,401.3
2,5000000000000000.0,55,355,100,1.998,300,424.0,424.0,424.0,422.0,422.0,422.0,423.0,423.0,423.0,422.9,160.3
1,2000000000000000.0,40,0,0,0.0,25,91600000.0,79600000.0,85600000.0,87900000.0,84200000.0,86100000.0,106000000.0,85800000.0,95600000.0,89110000.0,643.1
1,500000000000000.0,25,355,50,2.327,300,1250.0,1250.0,1250.0,1250.0,1250.0,1250.0,1250.0,1250.0,1250.0,1251.333333,238.2
2,500000000000000.0,10,532,100,4.497,25,2240.0,2240.0,2240.0,2240.0,2240.0,2240.0,2240.0,2240.0,2240.0,2239.0,1195.0
1,5000000000000000.0,40,355,100,1.497,25,13800.0,13800.0,13800.0,13800.0,13800.0,13800.0,13900.0,13900.0,13900.0,13860.0,239.5
1,800000000000000.0,55,355,100,1.998,300,42900.0,43000.0,43000.0,42900.0,43000.0,43000.0,43000.0,43000.0,43000.0,42970.0,183.2
1,2000000000000000.0,55,532,100,5.998,25,421.0,421.0,421.0,422.0,422.0,422.0,422.0,422.0,422.0,421.5333333,113.2
1,5000000000000000.0,10,532,50,5.999,25,51.7,51.6,51.6,51.7,51.7,51.7,51.7,51.7,51.7,51.67333333,51.98
2,800000000000000.0,40,532,50,1.497,25,13700.0,13700.0,13700.0,13700.0,13700.0,13700.0,13700.0,13700.0,13700.0,13696.66667,1730.0
2,5000000000000000.0,40,532,50,4.501,25,62.0,62.0,62.0,60.7,60.7,60.7,61.0,60.9,61.0,61.23,171.7
2,800000000000000.0,25,532,50,6.001,25,416.0,416.0,416.0,416.0,416.0,416.0,417.0,417.0,417.0,416.1,165.2
2,5000000000000000.0,55,532,50,1.497,300,326.0,326.0,326.0,326.0,326.0,326.0,325.0,326.0,325.0,325.7666667,196.1
1,5000000000000000.0,10,355,100,0.497,25,151000000.0,145000000.0,148000000.0,160000000.0,143000000.0,151000000.0,156000000.0,148000000.0,152000000.0,150300000.0,1062.0
2,800000000000000.0,25,532,100,5.998,25,1030.0,1030.0,1030.0,1030.0,1030.0,1030.0,1030.0,1030.0,1030.0,1028.666667,391.5
2,5000000000000000.0,10,532,50,2.999,300,89.0,88.8,88.9,88.8,88.9,88.9,89.0,89.0,89.0,88.89666667,232.3
2,2000000000000000.0,40,355,100,0.498,25,120000000.0,108000000.0,114000000.0,115000000.0,112000000.0,114000000.0,122000000.0,122000000.0,122000000.0,116566666.7,4478.0
1,2000000000000000.0,40,532,100,5.998,25,298.0,298.0,299.0,299.0,299.0,299.0,299.0,299.0,299.0,298.6333333,110.6
1,800000000000000.0,40,0,0,0.0,25,77500000.0,77300000.0,77400000.0,82200000.0,82400000.0,82300000.0,83100000.0,80000000.0,81500000.0,80400000.0,691.5
1,800000000000000.0,40,532,50,6.001,25,396.0,397.0,397.0,395.0,395.0,395.0,395.0,394.0,394.0,395.4,145.7
2,5000000000000000.0,55,532,50,6.003,300,55.2,55.2,55.2,55.2,55.2,55.2,55.2,55.2,55.2,55.19333333,36.02
2,2000000000000000.0,55,355,100,0.999,300,3200000000.0,1050000000.0,2120000000.0,2970000000.0,1150000000.0,2060000000.0,3070000000.0,1190000000.0,2130000000.0,2104333333.0,313.9
2,800000000000000.0,25,532,50,1.497,25,9790.0,9800.0,9800.0,9790.0,9820.0,9800.0,9790.0,9800.0,9790.0,9796.0,2318.0
2,800000000000000.0,40,532,100,1.504,25,31200000.0,31300000.0,31300000.0,31000000.0,30800000.0,30900000.0,31900000.0,30700000.0,31300000.0,31150000.0,2557.0
1,500000000000000.0,10,355,50,1.658,300,3120.0,3120.0,3120.0,3120.0,3130.0,3120.0,3120.0,3120.0,3120.0,3119.666667,335.5
2,800000000000000.0,55,355,100,0.496,300,100000000000.0,100000000000.0,100000000000.0,100000000000.0,100000000000.0,100000000000.0,100000000000.0,100000000000.0,100000000000.0,100000000000.0,492.5
2,2000000000000000.0,40,532,100,2.995,300,526.0,525.0,526.0,527.0,527.0,527.0,527.0,527.0,527.0,526.5333333,213.9
1,5000000000000000.0,10,355,100,1.497,300,3410.0,3410.0,3410.0,3410.0,3410.0,3410.0,3410.0,3410.0,3410.0,3406.666667,194.0
2,800000000000000.0,40,355,100,1.998,300,4200.0,4200.0,4200.0,4190.0,4190.0,4190.0,4170.0,4170.0,4170.0,4188.0,312.4
2,5000000000000000.0,40,532,100,5.997,25,117.0,117.0,117.0,116.0,116.0,116.0,116.0,116.0,116.0,116.18,197.2
2,5000000000000000.0,40,0,0,0.0,25,196000000.0,175000000.0,185000000.0,188000000.0,184000000.0,186000000.0,195000000.0,172000000.0,183000000.0,184870000.0,7887.0
2,800000000000000.0,10,355,100,0.498,25,453000000.0,446000000.0,449000000.0,454000000.0,450000000.0,452000000.0,455000000.0,454000000.0,454000000.0,451833333.3,11360.0
1,2000000000000000.0,40,532,50,4.501,25,119.0,119.0,119.0,119.0,119.0,119.0,119.0,119.0,119.0,118.7,105.5
1,500000000000000.0,40,0,0,0.0,25,74500000.0,63200000.0,68800000.0,84400000.0,64200000.0,74300000.0,81600000.0,66600000.0,74100000.0,72406666.67,734.4
2,800000000000000.0,55,532,100,4.502,25,1750.0,1750.0,1750.0,1750.0,1750.0,1750.0,1750.0,1750.0,1750.0,1745.666667,440.7
2,5000000000000000.0,25,532,50,6.003,300,54.9,54.9,54.9,54.9,54.9,54.9,54.9,54.8,54.8,54.88666667,35.99
2,5000000000000000.0,55,532,50,6.001,25,58.7,58.7,58.7,58.8,58.7,58.7,58.6,58.5,58.5,58.65,57.9
2,800000000000000.0,55,355,50,2.327,300,452.0,452.0,452.0,452.0,452.0,452.0,452.0,452.0,452.0,452.3,198.5
2,800000000000000.0,40,355,50,0.998,300,4920.0,4930.0,4930.0,4940.0,4950.0,4940.0,4940.0,4950.0,4950.0,4940.0,385.7
1,800000000000000.0,10,532,100,5.998,25,1180.0,1180.0,1180.0,1180.0,1180.0,1180.0,1180.0,1180.0,1180.0,1179.666667,272.0
2,800000000000000.0,55,532,50,6.001,25,409.0,409.0,409.0,408.0,408.0,408.0,408.0,408.0,408.0,408.3,153.8
1,2000000000000000.0,25,532,50,1.497,300,586.0,586.0,586.0,585.0,586.0,585.0,586.0,586.0,586.0,585.9333333,145.4
1,2000000000000000.0,25,355,100,1.496,300,7720.0,7730.0,7730.0,7650.0,7660.0,7660.0,7690.0,7690.0,7690.0,7691.333333,148.0
1,800000000000000.0,25,532,100,6.003,300,505.0,504.0,504.0,504.0,504.0,504.0,504.0,504.0,504.0,504.1,142.8
2,800000000000000.0,25,532,100,6.003,300,465.0,465.0,465.0,465.0,464.0,465.0,465.0,464.0,465.0,464.7,155.9
1,5000000000000000.0,10,355,100,0.499,300,36000000.0,35500000.0,35700000.0,36000000.0,35400000.0,35700000.0,36700000.0,35800000.0,36200000.0,35880000.0,269.3
1,5000000000000000.0,55,355,100,0.496,300,100000000000.0,100000000000.0,100000000000.0,100000000000.0,100000000000.0,100000000000.0,100000000000.0,100000000000.0,100000000000.0,100000000000.0,118.6
2,5000000000000000.0,10,532,50,1.498,25,2490000.0,2470000.0,2480000.0,2490000.0,2470000.0,2480000.0,2480000.0,2470000.0,2480000.0,2476333.333,3637.0
1,800000000000000.0,25,532,50,6.003,300,288.0,288.0,288.0,288.0,288.0,288.0,287.0,287.0,287.0,287.5666667,135.9
2,5000000000000000.0,10,355,100,0.497,25,272000000.0,264000000.0,268000000.0,267000000.0,260000000.0,264000000.0,280000000.0,262000000.0,271000000.0,267566666.7,10730.0
2,2000000000000000.0,55,355,50,2.327,300,176.0,176.0,176.0,176.0,176.0,176.0,176.0,176.0,176.0,175.7333333,129.0
2,5000000000000000.0,25,532,50,1.497,300,323.0,323.0,323.0,323.0,323.0,323.0,322.0,322.0,322.0,322.6666667,306.6
2,500000000000000.0,10,532,50,2.997,25,2800.0,2800.0,2800.0,2800.0,2800.0,2800.0,2800.0,2800.0,2800.0,2796.666667,1338.0
1,5000000000000000.0,40,532,100,2.995,25,414.0,414.0,414.0,424.0,423.0,423.0,416.0,416.0,416.0,417.87,170.1
1,2000000000000000.0,10,355,50,2.326,25,205.0,205.0,205.0,205.0,205.0,205.0,205.0,205.0,205.0,205.0666667,288.4
2,2000000000000000.0,40,532,50,6.003,300,111.0,110.0,111.0,111.0,111.0,111.0,111.0,111.0,111.0,110.6333333,65.87
1,5000000000000000.0,40,355,100,1.497,298,1120.0,1120.0,1120.0,1120.0,1120.0,1120.0,1120.0,1120.0,1120.0,1120.0,89.63
2,500000000000000.0,25,355,50,1.659,25,4060.0,4070.0,4070.0,4050.0,4050.0,4050.0,4050.0,4050.0,4050.0,4054.0,1315.0
1,800000000000000.0,25,355,50,0.998,300,5400.0,5410.0,5400.0,5390.0,5400.0,5400.0,5390.0,5390.0,5390.0,5397.666667,221.0
1,500000000000000.0,25,355,50,1.659,25,11100.0,11200.0,11200.0,11100.0,11100.0,11100.0,11100.0,11200.0,11200.0,11140.0,375.6
1,800000000000000.0,55,532,50,2.994,300,1040.0,1040.0,1040.0,1030.0,1030.0,1030.0,1040.0,1040.0,1040.0,1033.666667,167.6
1,500000000000000.0,25,532,100,1.497,300,4290000000.0,972000000.0,2630000000.0,4450000000.0,958000000.0,2700000000.0,4470000000.0,947000000.0,2710000000.0,2680666667.0,293.2
1,800000000000000.0,10,532,50,6.003,300,301.0,301.0,301.0,301.0,300.0,301.0,301.0,301.0,301.0,300.6,135.8
2,5000000000000000.0,10,532,50,2.997,25,141.0,141.0,142.0,142.0,142.0,142.0,140.0,140.0,140.0,141.4,980.1
2,5000000000000000.0,25,355,50,2.326,25,93.0,93.0,92.6,92.6,92.6,92.6,92.7,92.7,92.7,92.64333333,497.3
2,2000000000000000.0,55,532,100,5.998,25,277.0,277.0,277.0,277.0,277.0,277.0,277.0,277.0,277.0,276.7666667,204.3
1,500000000000000.0,55,532,50,1.497,25,8130000.0,9480000.0,8810000.0,9450000.0,9380000.0,9420000.0,9350000.0,9470000.0,9410000.0,9211000.0,389.2
2,5000000000000000.0,10,355,50,2.997,298,68.9,68.9,68.9,68.3,68.2,68.2,68.1,68.1,68.1,68.41,95.46
1,2000000000000000.0,55,355,50,1.658,300,525.0,527.0,526.0,527.0,527.0,527.0,528.0,528.0,528.0,526.9333333,106.7
2,800000000000000.0,55,355,100,1.502,25,3650000.0,3650000.0,3650000.0,3650000.0,3650000.0,3650000.0,3650000.0,3650000.0,3650000.0,3650333.333,1525.0
2,5000000000000000.0,40,532,100,4.5,299,121.0,122.0,121.0,121.0,121.0,121.0,121.0,121.0,121.0,121.15,105.7
1,800000000000000.0,10,355,50,2.326,25,945.0,946.0,945.0,947.0,947.0,947.0,946.0,944.0,945.0,945.5333333,367.4
2,5000000000000000.0,10,532,100,5.999,300,79.0,79.0,79.0,79.0,79.0,79.0,79.0,79.0,79.0,78.99666667,60.31
1,800000000000000.0,40,355,100,1.998,300,24300.0,24300.0,24300.0,24300.0,24300.0,24300.0,24300.0,24300.0,24300.0,24286.66667,177.3
1,500000000000000.0,10,532,100,4.498,300,2930.0,2930.0,2930.0,2920.0,2920.0,2920.0,2930.0,2930.0,2930.0,2927.333333,277.9
2,500000000000000.0,40,355,100,1.998,300,18700.0,18700.0,18700.0,18700.0,18700.0,18700.0,18700.0,18700.0,18700.0,18716.66667,376.2
1,500000000000000.0,10,355,100,0.499,300,2740000000.0,1020000000.0,1880000000.0,2760000000.0,969000000.0,1860000000.0,2850000000.0,1070000000.0,1960000000.0,1900333333.0,459.0
2,5000000000000000.0,40,355,50,1.659,25,190.0,191.0,191.0,190.0,190.0,190.0,190.0,190.0,190.0,190.18,756.9
2,2000000000000000.0,10,355,50,1.002,25,3590000.0,3550000.0,3570000.0,3590000.0,3560000.0,3570000.0,3590000.0,3560000.0,3580000.0,3573333.333,4342.0
1,500000000000000.0,55,532,100,4.502,25,55100.0,55200.0,55200.0,55200.0,55300.0,55200.0,55100.0,55200.0,55200.0,55186.66667,274.9
2,5000000000000000.0,10,532,50,5.999,25,61.7,61.7,61.7,61.9,61.9,61.9,62.0,62.0,62.0,61.87666667,69.65
2,500000000000000.0,25,355,50,1.658,300,1560.0,1560.0,1560.0,1560.0,1560.0,1560.0,1560.0,1560.0,1560.0,1559.333333,411.2
2,2000000000000000.0,40,0,0,0.0,25,140000000.0,125000000.0,133000000.0,130000000.0,128000000.0,129000000.0,139000000.0,1.24E+08,132000000.0,131100000.0,7673.0
2,800000000000000.0,10,355,100,0.496,300,3030000000.0,675000000.0,1850000000.0,2970000000.0,812000000.0,1890000000.0,2890000000.0,7.35E+08,1810000000.0,1851666667.0,1246.0
1,500000000000000.0,55,532,50,4.501,25,1740.0,1740.0,1740.0,1750.0,1750.0,1750.0,1740.0,1.74E+03,1740.0,1743.666667,242.3
2,5000000000000000.0,25,532,50,1.497,25,534.0,535.0,534.0,536.0,535.0,535.0,537.0,5.37E+02,537.0,535.4666667,2034.0
2,800000000000000.0,10,355,50,1.659,25,1350.0,1350.0,1350.0,1350.0,1350.0,1350.0,1350.0,1.35E+03,1350.0,1347.666667,2099.0
2,2000000000000000.0,55,532,50,1.497,25,2070.0,2070.0,2070.0,2070.0,2070.0,2070.0,2070.0,2.07E+03,2070.0,2070.666667,1404.0
2,2000000000000000.0,10,355,50,0.998,300,1120.0,1130.0,1130.0,1120.0,1120.0,1120.0,1120.0,1.12E+03,1120.0,1121.333333,646.0
2,500000000000000.0,55,532,50,4.503,300,419.0,419.0,419.0,418.0,419.0,419.0,418.0,4.19E+02,418.0,418.6,203.1
2,2000000000000000.0,10,532,100,3.002,25,2810.0,2810.0,2810.0,2840.0,2840.0,2840.0,2820.0,2.83E+03,2830.0,2825.666667,2169.0
2,5000000000000000.0,25,532,100,3.002,25,451.0,451.0,451.0,450.0,450.0,450.0,451.0,4.51E+02,451.0,450.8666667,1144.0
2,5000000000000000.0,40,532,100,5.996,299,77.7,77.7,77.7,78.6,78.6,78.6,78.6,7.86E+01,78.6,78.31,52.04
1,2000000000000000.0,10,532,50,1.497,25,12500.0,12600.0,12500.0,12600.0,12600.0,12600.0,12500.0,1.25E+04,12500.0,12540.0,608.8
2,2000000000000000.0,55,532,100,1.504,25,28500000.0,28900000.0,28900000.0,28800000.0,28900000.0,29200000.0,28100000.0,28.076e,28600000.0,28913333.33,2200.0
2,2000000000000000.0,10,532,100,5.998,25,273.0,273.0,273.0,272.0,272.0,272.0,273.0,2.73E+02,273.0,272.4666667,482.8
2,5000000000000000.0,10,532,50,6.001,300,58.4,58.4,58.4,58.4,58.4,58.4,58.4,5.84E+01,58.4,58.41,36.01
2,500000000000000.0,40,532,100,2.996,25,24100.0,24100.0,24100.0,24100.0,24200.0,24200.0,24100.0,2.41E+04,24100.0,24136.66667,1118.0
2,800000000000000.0,55,532,100,2.995,300,2000.0,2000.0,2000.0,2000.0,2000.0,2000.0,2010.0,2.01E+03,2010.0,2004.0,252.9
2,5000000000000000.0,25,355,50,1.002,25,2000.0,2000.0,2000.0,2000.0,2000.0,2000.0,2010.0,2.01E+03,2010.0,2004.666667,2298.0
2,500000000000000.0,25,0,0,0.0,25,186000000.0,170000000.0,178000000.0,189000000.0,177000000.0,193000000.0,190000000.0,1.76E+08,183000000.0,184566666.7,10410.0
2,5000000000000000.0,10,355,50,2.328,25,106.0,106.0,106.0,106.0,106.0,106.0,107.0,1.06E+02,107.0,106.3666667,850.8
1,500000000000000.0,55,532,50,6.001,25,1340.0,1340.0,1340.0,1340.0,1340.0,1340.0,1340.0,1.34E+03,1340.0,1343.666667,218.2
1,800000000000000.0,10,532,100,2.995,300,1400.0,1400.0,1400.0,1400.0,1400.0,1400.0,1400.0,1.40E+03,1400.0,1402.0,268.7
1,2000000000000000.0,10,532,100,6.003,300,138.0,139.0,138.0,138.0,138.0,138.0,138.0,1.38E+02,138.0,137.9,77.06
2,800000000000000.0,25,532,100,4.502,25,977.0,976.0,976.0,977.0,976.0,976.0,976.0,9.76E+02,976.0,976.2666667,668.8
2,5000000000000000.0,10,532,50,4.498,25,64.0,64.0,64.0,64.0,64.0,64.0,64.2,6.41E+01,64.1,64.04,356.6
2,2000000000000000.0,25,355,50,1.658,300,292.0,292.0,292.0,292.0,292.0,292.0,292.0,2.92E+02,292.0,291.8666667,259.0
2,2000000000000000.0,40,355,50,1.002,25,7440.0,7440.0,7440.0,7400.0,7400.0,7400.0,7350.0,7.35E+03,7350.0,7396.666667,1811.0
1,800000000000000.0,55,532,100,3.002,25,94800.0,95000.0,94900.0,94900.0,94800.0,94800.0,94900.0,9.50E+04,94900.0,94880.0,271.2
2,2000000000000000.0,40,532,100,4.493,300,255.0,254.0,254.0,255.0,255.0,255.0,255.0,2.55E+02,255.0,254.8666667,141.1
1,5000000000000000.0,25,532,50,4.501,25,48.6,48.6,48.6,48.6,48.6,48.6,48.6,4.86E+01,48.6,48.60666667,91.59
2,5000000000000000.0,40,532,50,2.996,302,87.9,87.9,87.9,86.7,86.7,86.7,86.8,8.68E+01,86.8,87.14,116.6
1,500000000000000.0,40,355,50,1.659,25,41600.0,41700.0,41700.0,32000.0,32000.0,32000.0,32000.0,3.20E+04,32000.0,35216.66667,313.9
1,5000000000000000.0,40,355,50,0.998,299,348.0,348.0,348.0,348.0,348.0,348.0,349.0,3.49E+02,349.0,348.23,91.41
1,5000000000000000.0,55,355,50,1.002,25,1.54,1540.0,1540.0,1540.0,1540.0,1540.0,1540.0,1.54E+03,1540.0,1539.333333,249.8
2,500000000000000.0,40,355,100,1.496,25,14100000.0,14200000.0,14200000.0,14100000.0,14100000.0,14100000.0,13900000.0,1.41E+07,14000000.0,14080000.0,1880.0
1,2000000000000000.0,10,355,100,0.496,300,4750000.0,4770000.0,4760000.0,4740000.0,4740000.0,4740000.0,4740000.0,4.75E+06,4750000.0,4750000.0,310.6
1,800000000000000.0,55,532,50,3.003,25,3920.0,3920.0,3920.0,3920.0,3920.0,3920.0,3930.0,3.93E+03,3930.0,3924.333333,220.8
2,5000000000000000.0,55,532,50,2.994,300,77.3,77.4,77.4,77.3,77.3,77.3,77.5,7.74E+01,77.5,77.38333333,99.55
1,2000000000000000.0,25,355,50,0.998,300,1310.0,1310.0,1310.0,1310.0,1310.0,1310.0,1310.0,1.31E+03,1310.0,1310.0,150.8
1,500000000000000.0,55,355,100,0.999,300,2350000000.0,1270000000.0,1810000000.0,2340000000.0,1260000000.0,1760000000.0,2340000000.0,1.26E+09,1800000000.0,1789666667.0,266.9
2,5000000000000000.0,10,355,50,1.658,300,164.0,164.0,164.0,164.0,164.0,164.0,163.0,1.63E+02,163.0,163.5333333,350.0
2,5000000000000000.0,25,532,50,4.503,300,55.3,55.3,55.3,55.3,55.3,55.3,55.2,5.52E+01,55.2,55.27,50.93
1,2000000000000000.0,10,355,50,2.997,25,186.0,186.0,186.0,186.0,186.0,186.0,185.0,1.85E+02,185.0,185.6,210.5
2,2000000000000000.0,10,355,100,0.496,300,3440000000.0,954000000.0,2200000000.0,3450000000.0,928000000.0,2190000000.0,3420000000.0,9.07E+08,2160000000.0,2183666667.0,1096.0
2,2000000000000000.0,25,355,100,0.999,300,100000000000.0,100000000000.0,100000000000.0,100000000000.0,100000000000.0,100000000000.0,100000000000.0,1.00E+11,100000000000.0,100000000000.0,486.1
1,5000000000000000.0,10,355,50,2.328,25,89.8,89.8,89.8,89.4,89.4,89.4,90.1,9.00E+01,90.0,89.73,247.9
2,5000000000000000.0,40,532,100,2.995,25,497.0,499.0,498.0,500.0,499.0,500.0,502.0,5.02E+02,502.0,499.85,862.6
1,500000000000000.0,40,355,100,1.001,25,22300000.0,22100000.0,22200000.0,21600000.0,21600000.0,21600000.0,22400000.0,2.16E+07,22000000.0,21933333.33,464.5
2,2000000000000000.0,25,0,0,0.0,25,231000000.0,225000000.0,228000000.0,238000000.0,218000000.0,228000000.0,238000000.0,2.24E+08,231000000.0,228900000.0,10260.0
2,800000000000000.0,40,532,50,6.003,300,272.0,272.0,272.0,272.0,272.0,272.0,271.0,2.71E+02,271.0,271.5666667,133.3
2,800000000000000.0,25,532,100,2.995,300,1240.0,1240.0,1240.0,1220.0,1220.0,1.22E+03,1220.0,1220.0,1220.0,1223.666667,354.6
1,2000000000000000.0,40,532,50,6.003,300,98.7,98.7,98.7,98.6,98.5,9.86E+01,98.5,98.5,98.5,98.56333333,68.8
1,500000000000000.0,55,355,100,0.498,25,59400000.0,46800000.0,53100000.0,54000000.0,57100000.0,5.55E+07,68100000.0,47800000.0,57900000.0,55506666.67,574.8
1,2000000000000000.0,25,355,100,1.996,25,11200.0,11200.0,11200.0,11200.0,11200.0,1.12E+04,11200.0,11200.0,11200.0,11180.0,280.6
1,5000000000000000.0,25,532,50,1.497,300,225.0,225.0,225.0,225.0,225.0,2.25E+02,225.0,225.0,225.0,225.0666667,111.4
1,5000000000000000.0,40,355,100,0.498,25,157000000.0,156000000.0,157000000.0,173000000.0,148000000.0,1.61E+08,161000000.0,154000000.0,157000000.0,158080000.0,440.5
1,2000000000000000.0,25,532,100,2.995,300,419.0,419.0,419.0,419.0,419.0,4.19E+02,419.0,419.0,419.0,418.6666667,127.5
1,5000000000000000.0,40,532,100,1.498,300,356000000.0,345000000.0,350000000.0,343000000.0,349000000.0,3.46E+08,354000000.0,345000000.0,349000000.0,348530000.0,98.59
2,800000000000000.0,55,532,50,1.497,300,2920.0,2920.0,2920.0,2900.0,2900.0,2.90E+03,2900.0,2900.0,2900.0,2908.0,310.3
1,500000000000000.0,40,355,50,1.658,300,8070.0,8080.0,8070.0,8060.0,8060.0,8.06E+03,8110.0,8130.0,8120.0,8083.666667,230.5
1,5000000000000000.0,55,532,100,1.497,300,2490000000.0,996000000.0,1740000000.0,2880000000.0,777000000.0,1.83E+09,2990000000.0,805000000.0,1900000000.0,1823000000.0,98.69
1,5000000000000000.0,40,532,100,1.496,25,59400000.0,47800000.0,53600000.0,58800000.0,50500000.0,5.47E+07,63300000.0,49800000.0,56600000.0,54940000.0,301.3
2,2000000000000000.0,10,532,100,1.497,300,2490000000.0,847000000.0,1670000000.0,2470000000.0,873000000.0,1.67E+09,2530000000.0,833000000.0,1680000000.0,1674333333.0,757.8
1,800000000000000.0,25,355,50,2.326,25,1040.0,1040.0,1040.0,1040.0,1040.0,1.04E+03,1040.0,1040.0,1040.0,1041.666667,248.1
2,5000000000000000.0,40,532,50,4.499,305,56.0,55.9,55.9,56.1,56.1,5.61E+01,55.9,56.0,56.0,55.98666667,47.78
1,500000000000000.0,40,355,100,0.997,300,1120000000.0,684000000.0,900000000.0,1260000000.0,845000000.0,1.05E+09,1300000000.0,994000000.0,1150000000.0,1031866667.0,258.5
2,5000000000000000.0,25,355,100,0.498,25,212000000.0,205000000.0,209000000.0,218000000.0,212000000.0,2.15E+08,223000000.0,207000000.0,215000000.0,212733333.3,5872.0
1,5000000000000000.0,55,532,50,4.503,300,51.2,51.3,51.3,51.1,51.1,5.11E+01,50.9,50.9,50.9,51.07,46.85
2,5000000000000000.0,25,355,50,2.997,25,75.9,75.9,75.9,75.7,75.7,7.57E+01,75.6,75.5,75.6,75.71,277.3
2,800000000000000.0,10,355,100,1.496,300,4500000.0,5910000.0,5210000.0,5380000.0,5990000.0,5.683e6e6,5350000.0,5860000.0,5600000.0,5404500.0,737.4
1,500000000000000.0,10,0,0,0.0,25,349000000.0,330000000.0,340000000.0,340000000.0,339000000.0,3.39E+08,340000000.0,328000000.0,334000000.0,337666666.7,1708.0
1,500000000000000.0,25,532,50,4.501,25,1350.0,1350.0,1350.0,1350.0,1360.0,1.36E+03,1350.0,1350.0,1350.0,1353.333333,258.4
2,2000000000000000.0,25,355,100,0.496,300,100000000000.0,100000000000.0,100000000000.0,100000000000.0,100000000000.0,1.00E+11,100000000000.0,100000000000.0,100000000000.0,100000000000.0,647.5
1,2000000000000000.0,10,355,50,1.659,25,419.0,419.0,419.0,420.0,420.0,4.20E+02,419.0,418.0,419.0,419.1666667,415.5
1,500000000000000.0,55,0,0,0.0,25,63700000.0,62000000.0,62900000.0,57600000.0,62400000.0,6.00E+07,70900000.0,54200000.0,62600000.0,61810000.0,729.4
1,2000000000000000.0,55,355,100,0.999,25,24200000.0,24400000.0,24300000.0,24400000.0,24100000.0,2.42E+07,24200000.0,24400000.0,24300000.0,24270000.0,349.4
1,2000000000000000.0,10,355,100,0.999,25,172000000.0,146000000.0,159000000.0,157000000.0,143000000.0,1.50E+08,156000000.0,144000000.0,150000000.0,152766666.7,824.5
1,800000000000000.0,55,532,100,2.995,300,19200.0,19200.0,19200.0,19100.0,19100.0,1.91E+04,19200.0,19200.0,19200.0,19163.33333,179.3
2,5000000000000000.0,55,532,100,4.493,300,120.0,120.0,120.0,122.0,122.0,1.22E+02,122.0,122.0,122.0,121.5666667,90.97
1,800000000000000.0,25,355,50,1.658,300,1050.0,1050.0,1050.0,1050.0,1050.0,1.05E+03,1050.0,1050.0,1050.0,1051.666667,195.6
1,500000000000000.0,55,532,100,4.493,300,8910.0,8920.0,8920.0,8910.0,8910.0,8.91E+03,8900.0,8910.0,8900.0,8908.333333,228.8
1,500000000000000.0,25,532,100,5.998,25,3550.0,3560.0,3550.0,3560.0,3560.0,3.56E+03,3560.0,3560.0,3560.0,3554.666667,265.6
1,800000000000000.0,10,532,50,4.501,25,483.0,484.0,483.0,484.0,484.0,4.84E+02,484.0,484.0,484.0,483.7,258.6
1,5000000000000000.0,25,532,100,1.497,300,38900000.0,39500000.0,39200000.0,39000000.0,38700000.0,3.88E+07,39600000.0,38600000.0,39100000.0,39043333.33,126.5
2,5000000000000000.0,55,355,50,2.326,25,94.5,94.5,94.5,94.4,94.5,9.44E+01,94.6,94.6,94.6,94.5,316.2
1,5000000000000000.0,10,355,100,0.997,300,17300000.0,17000000.0,17200000.0,17800000.0,17200000.0,1.75E+07,17300000.0,17300000.0,17300000.0,17300000.0,227.0
2,5000000000000000.0,10,532,100,2.998,300,445.0,445.0,445.0,444.0,444.0,4.44E+02,443.0,443.0,443.0,444.1333333,368.0
1,800000000000000.0,25,532,50,3.003,25,1310.0,1310.0,1310.0,1310.0,1310.0,1.31E+03,1300.0,1300.0,1300.0,1305.0,258.5
2,5000000000000000.0,55,532,100,1.497,300,2070000000.0,1210000000.0,1640000000.0,2750000000.0,852000000.0,1.80E+09,2850000000.0,796000000.0,1820000000.0,1753000000.0,251.4
2,5000000000000000.0,25,532,50,2.994,300,78.7,78.7,78.7,78.6,78.5,7.85E+01,78.4,78.3,78.4,78.51,148.3
2,5000000000000000.0,25,532,50,6.001,25,58.0,58.0,58.0,57.9,57.9,5.79E+01,58.0,58.0,58.0,57.98666667,63.66
2,5000000000000000.0,25,355,100,0.999,300,307000000.0,276000000.0,292000000.0,302000000.0,288000000.0,2.95E+08,313000000.0,282000000.0,298000000.0,294833333.3,422.9
2,5000000000000000.0,55,355,100,0.999,25,55700000.0,49300000.0,52500000.0,54500000.0,46300000.0,5.04E+07,51800000.0,50300000.0,51000000.0,51286666.67,2499.0
2,500000000000000.0,40,532,50,2.997,25,3030.0,3030.0,3030.0,3020.0,3030.0,3.03E+03,3030.0,3030.0,3030.0,3027.666667,647.1
1,800000000000000.0,40,532,50,6.003,300,331.0,332.0,332.0,332.0,332.0,3.32E+02,332.0,332.0,332.0,331.7666667,136.1
1,5000000000000000.0,25,532,50,4.503,300,45.3,45.3,45.3,45.1,45.1,4.51E+01,45.2,45.2,45.2,45.19,45.23
2,2000000000000000.0,10,532,50,6.003,300,113.0,113.0,113.0,113.0,113.0,1.13E+02,113.0,113.0,113.0,113.2666667,65.84
1,5000000000000000.0,40,532,100,2.999,299,241.0,241.0,241.0,243.0,243.0,2.43E+02,244.0,244.0,244.0,242.37,75.07
2,500000000000000.0,10,532,100,6.002,25,2820.0,2820.0,2820.0,2840.0,2840.0,2.84E+03,2820.0,2820.0,2820.0,2824.333333,671.9
2,500000000000000.0,40,532,50,6.001,300,752.0,753.0,752.0,776.0,776.0,7.76E+02,773.0,774.0,774.0,767.2666667,193.3
2,500000000000000.0,25,532,50,2.994,300,1240.0,1240.0,1240.0,1230.0,1240.0,1240.0,1240.0,1240.0,1240.0,1236.333333,335.4
1,5000000000000000.0,10,532,50,4.498,25,52.5,52.4,52.5,52.3,52.2,52.2,52.3,52.3,52.3,52.33333333,144.9
1,500000000000000.0,25,532,50,1.497,300,7920.0,7930.0,7920.0,7920.0,7930.0,7930.0,7860.0,7870.0,7860.0,7903.333333,277.6
1,800000000000000.0,10,355,50,1.002,25,5100000.0,6140000.0,5620000.0,6120000.0,6170000.0,6140000.0,6120000.0,6290000.0,6210000.0,5988000.0,736.7
2,500000000000000.0,25,532,100,6.003,300,897.0,897.0,897.0,896.0,896.0,896.0,897.0,895.0,896.0,896.3333333,217.6
2,5000000000000000.0,10,532,100,6.002,25,121.0,121.0,121.0,121.0,121.0,121.0,121.0,121.0,121.0,121.0,417.2
1,5000000000000000.0,40,355,100,0.998,25,48400000.0,44800000.0,46600000.0,50100000.0,39000000.0,44500000.0,44800000.0,46900000.0,45800000.0,45650000.0,319.0
1,2000000000000000.0,55,532,100,4.502,25,781.0,776.0,778.0,780.0,780.0,780.0,779.0,780.0,779.0,779.3666667,143.7
2,500000000000000.0,25,532,100,3.002,25,17400.0,17400.0,17400.0,17400.0,17400.0,17400.0,17400.0,17400.0,17400.0,17396.66667,1465.0
2,2000000000000000.0,25,532,100,5.998,25,262.0,262.0,262.0,262.0,262.0,262.0,262.0,262.0,262.0,261.6,305.2
2,2000000000000000.0,40,532,100,1.497,300,100000000000.0,100000000000.0,100000000000.0,100000000000.0,100000000000.0,100000000000.0,100000000000.0,100000000000.0,100000000000.0,100000000000.0,352.0
2,5000000000000000.0,55,355,50,1.658,300,147.0,147.0,147.0,147.0,147.0,147.0,147.0,147.0,147.0,146.6,137.4
1,800000000000000.0,40,355,50,1.658,300,2570.0,2580.0,2580.0,2560.0,2570.0,2570.0,2550.0,2550.0,2550.0,2563.333333,171.5
2,800000000000000.0,25,355,100,1.996,25,52000.0,52100.0,52100.0,52000.0,52100.0,52100.0,52100.0,52200.0,52100.0,52080.0,1603.0
2,5000000000000000.0,10,355,100,1.496,25,8570000.0,8530000.0,8550000.0,8500000.0,8430000.0,8460000.0,8490000.0,8480000.0,8480000.0,8499333.333,3822.0
1,2000000000000000.0,40,355,50,0.998,300,1510.0,1510.0,1510.0,1510.0,1510.0,1510.0,1510.0,1510.0,1510.0,1508.666667,123.0
2,2000000000000000.0,10,532,50,6.001,25,131.0,131.0,131.0,131.0,131.0,131.0,131.0,131.0,131.0,130.7666667,101.6
1,800000000000000.0,40,355,100,0.999,300,4200000000.0,922000000.0,2560000000.0,4150000000.0,819000000.0,2490000000.0,4080000000.0,894000000.0,2490000000.0,2511000000.0,200.5
2,2000000000000000.0,10,355,100,0.999,25,176000000.0,169000000.0,172000000.0,177000000.0,163000000.0,170000000.0,178000000.0,171000000.0,174000000.0,172066666.7,6552.0
2,500000000000000.0,40,532,50,5.999,25,1080.0,1080.0,1080.0,1080.0,1080.0,1080.0,1080.0,1080.0,1080.0,1081.0,218.1
2,800000000000000.0,25,532,100,1.497,300,4640000000.0,554000000.0,2600000000.0,4730000000.0,657000000.0,2700000000.0,4740000000.0,655000000.0,2700000000.0,2663666667.0,552.2
1,5000000000000000.0,55,532,50,1.497,25,540.0,540.0,540.0,540.0,540.0,540.0,540.0,540.0,540.0,540.2,232.9
2,5000000000000000.0,25,0,0,0.0,25,229000000.0,218000000.0,223000000.0,218000000.0,207000000.0,212000000.0,219000000.0,206000000.0,212000000.0,215766666.7,10110.0
1,5000000000000000.0,40,532,50,6.001,25,50.5,50.5,50.5,50.6,50.5,50.5,50.7,50.8,50.7,50.58,49.89
1,500000000000000.0,25,355,50,1.658,300,3620.0,3620.0,3620.0,3620.0,3620.0,3620.0,3620.0,3630.0,3630.0,3622.666667,258.1
2,800000000000000.0,25,532,50,6.003,300,262.0,262.0,262.0,263.0,263.0,263.0,262.0,262.0,262.0,262.2333333,133.1
2,5000000000000000.0,25,532,100,1.504,25,55000000.0,44200000.0,49600000.0,55600000.0,46600000.0,51100000.0,62800000.0,54100000.0,58500000.0,53020000.0,3140.0
1,5000000000000000.0,55,355,50,1.659,25,240.0,240.0,240.0,241.0,241.0,241.0,242.0,241.0,241.0,240.8666667,158.3
1,5000000000000000.0,25,355,50,0.998,300,340.0,339.0,339.0,339.0,339.0,339.0,340.0,340.0,340.0,339.4666667,116.6
1,500000000000000.0,25,355,50,2.326,25,3320.0,3310.0,3310.0,3310.0,3310.0,3310.0,3300.0,3300.0,3300.0,3306.666667,309.6
1,500000000000000.0,55,355,50,1.002,25,20500000.0,21100000.0,20800000.0,20200000.0,20300000.0,20200000.0,21300000.0,21000000.0,21200000.0,20730000.0,404.6
1,500000000000000.0,55,532,50,6.003,300,956.0,956.0,956.0,956.0,957.0,956.0,956.0,957.0,956.0,956.2,208.5
2,5000000000000000.0,25,355,100,1.496,300,25600.0,25500.0,25500.0,25700.0,25600.0,25600.0,25600.0,25600.0,25600.0,25576.66667,320.8
2,500000000000000.0,55,532,50,6.003,300,471.0,472.0,471.0,470.0,470.0,470.0,469.0,468.0,468.0,469.9666667,193.4
2,5000000000000000.0,40,355,50,0.998,299,381.0,381.0,381.0,381.0,381.0,381.0,381.0,381.0,381.0,380.85,257.7
1,5000000000000000.0,55,355,100,0.999,300,2020000000.0,1030000000.0,1530000000.0,2120000000.0,978000000.0,1550000000.0,2100000000.0,909000000.0,1500000000.0,1526333333.0,102.0
2,2000000000000000.0,25,355,50,0.998,300,1060.0,1060.0,1060.0,1060.0,1060.0,1060.0,1060.0,1060.0,1060.0,1056.666667,392.5
2,800000000000000.0,25,355,50,2.997,25,683.0,683.0,683.0,684.0,683.0,683.0,683.0,683.0,683.0,683.2,417.8
1,800000000000000.0,25,355,100,1.496,300,103000.0,103000.0,103000.0,103000.0,103000.0,103000.0,103000.0,103000.0,103000.0,102966.6667,218.2
2,2000000000000000.0,55,355,100,0.498,25,95200000.0,90100000.0,92700000.0,98600000.0,86800000.0,92700000.0,97800000.0,78300000.0,88000000.0,91120000.0,4361.0
1,2000000000000000.0,55,532,100,6.003,300,155.0,155.0,155.0,155.0,155.0,155.0,155.0,155.0,155.0,154.9666667,80.04
1,2000000000000000.0,10,532,100,1.504,25,144000000.0,148000000.0,146000000.0,149000000.0,137000000.0,143000000.0,155000000.0,134000000.0,145000000.0,144700000.0,778.1
1,800000000000000.0,25,532,50,1.497,25,10900.0,11000.0,10900.0,11000.0,11000.0,11000.0,11000.0,11000.0,11000.0,10966.66667,415.4
2,2000000000000000.0,25,355,50,2.327,300,171.0,171.0,171.0,171.0,172.0,172.0,171.0,171.0,171.0,171.2333333,179.1
1,2000000000000000.0,25,355,50,1.658,300,332.0,332.0,332.0,332.0,333.0,332.0,332.0,332.0,332.0,332.3333333,125.5
2,500000000000000.0,40,532,50,1.498,300,8890.0,8900.0,8890.0,8920.0,8930.0,8920.0,8930.0,8940.0,8930.0,8914.666667,425.4
1,5000000000000000.0,40,532,50,2.996,302,76.2,76.2,76.2,76.3,76.3,76.3,76.4,76.4,76.4,76.3,61.43
2,500000000000000.0,25,355,100,1.996,25,2500000.0,2570000.0,2540000.0,2420000.0,2490000.0,2460000.0,2420000.0,2490000.0,2450000.0,2482000.0,1693.0
1,800000000000000.0,25,355,100,0.999,300,100000000000.0,100000000000.0,100000000000.0,100000000000.0,100000000000.0,100000000000.0,100000000000.0,100000000000.0,100000000000.0,100000000000.0,236.3
2,500000000000000.0,40,355,100,0.497,25,105000000.0,97100000.0,101000000.0,113000000.0,94100000.0,104000000.0,105000000.0,102000000.0,104000000.0,102733333.3,4602.0
1,800000000000000.0,55,355,100,1.996,25,1450000.0,1460000.0,1460000.0,1450000.0,1460000.0,1460000.0,1460000.0,1460000.0,1460000.0,1457333.333,286.9
1,500000000000000.0,25,532,50,2.994,300,2340.0,2340.0,2340.0,2340.0,2350.0,2350.0,2350.0,2350.0,2350.0,2347.0,241.3
1,800000000000000.0,40,532,100,6.003,300,926.0,926.0,926.0,926.0,926.0,926.0,926.0,926.0,926.0,926.0,142.6
2,500000000000000.0,55,355,50,0.998,300,17300.0,17300.0,17300.0,17400.0,17400.0,17400.0,17400.0,17400.0,17400.0,17343.33333,390.1
2,500000000000000.0,10,532,100,1.496,25,137000000.0,123000000.0,130000000.0,132000000.0,131000000.0,132000000.0,130000000.0,120000000.0,125000000.0,128833333.3,6382.0
2,2000000000000000.0,40,355,50,2.997,25,184.0,184.0,184.0,183.0,183.0,183.0,183.0,183.0,183.0,183.2,258.3
1,5000000000000000.0,10,355,50,1.659,25,149.0,149.0,149.0,149.0,149.0,149.0,149.0,149.0,149.0,148.9,371.3
1,800000000000000.0,10,355,50,0.998,300,3430.0,3470.0,3470.0,3460.0,3460.0,3460.0,3460.0,3470.0,3460.0,3463.333333,315.6
1,800000000000000.0,10,355,100,0.999,25,117000000.0,102000000.0,109000000.0,122000000.0,114000000.0,118000000.0,114000000.0,109000000.0,112000000.0,112833333.3,911.5
2,5000000000000000.0,55,532,100,1.504,25,44400000.0,43200000.0,43800000.0,43500000.0,42700000.0,43100000.0,43400000.0,42000000.0,42700000.0,43200000.0,2227.0
1,500000000000000.0,25,532,100,6.003,300,1960.0,1100.0,1960.0,1960.0,1960.0,1960.0,1960.0,1960.0,1960.0,1959.0,202.4
1,800000000000000.0,40,532,100,2.995,300,6920.0,6930.0,6920.0,6930.0,6940.0,6940.0,6930.0,6940.0,6930.0,6931.0,173.2
2,5000000000000000.0,10,532,50,4.501,300,58.3,58.3,58.3,58.5,58.5,58.5,58.3,58.3,58.3,58.34333333,54.9
1,2000000000000000.0,25,532,100,1.504,25,46500000.0,49500000.0,48000000.0,44400000.0,40800000.0,42600000.0,44200000.0,43000000.0,43600000.0,44740000.0,430.7
1,2000000000000000.0,55,0,0,0.0,25,82300000.0,75800000.0,79100000.0,82800000.0,76200000.0,79500000.0,104000000.0,76800000.0,90500000.0,83016666.67,640.1
2,800000000000000.0,55,532,50,6.003,300,272.0,271.0,271.0,271.0,271.0,271.0,271.0,271.0,271.0,270.8,133.3
1,800000000000000.0,10,355,50,1.658,300,956.0,957.0,957.0,956.0,956.0,956.0,955.0,955.0,955.0,955.8333333,265.4
2,5000000000000000.0,25,532,100,4.502,25,145.0,145.0,145.0,145.0,145.0,145.0,145.0,146.0,145.0,145.2,497.9
1,5000000000000000.0,25,355,100,0.999,25,42900000.0,40300000.0,41600000.0,44500000.0,38800000.0,41600000.0,44500000.0,41200000.0,42900000.0,42023333.33,414.0
1,5000000000000000.0,25,0,0,0.0,25,183000000.0,185000000.0,184000000.0,195000000.0,191000000.0,193000000.0,212000000.0,185000000.0,199000000.0,192000000.0,791.4
1,800000000000000.0,10,355,50,2.997,25,839.0,840.0,839.0,839.0,838.0,839.0,837.0,837.0,836.0,838.0666667,288.5
1,500000000000000.0,10,532,100,6.002,25,3610.0,3620.0,3620.0,3620.0,3620.0,3620.0,3620000.0,3620.0,3620.0,3617.666667,343.1
1,800000000000000.0,10,532,100,4.493,300,858.0,860.0,859.0,856.0,857.0,856.0,847.0,848.0,847.0,854.0666667,207.5
2,800000000000000.0,10,532,50,1.497,300,1750.0,1750.0,1750.0,1760.0,1760.0,1760.0,1750.0,1750.0,1750.0,1753.0,708.7
1,2000000000000000.0,40,532,100,4.502,25,502.0,502.0,502.0,502.0,502.0,502.0,502.0,502.0,502.0,501.9666667,142.7
2,800000000000000.0,25,355,100,0.999,300,100000000000.0,100000000000.0,100000000000.0,100000000000.0,100000000000.0,100000000000.0,100000000000.0,100000000000.0,100000000000.0,100000000000.0,584.1
2,5000000000000000.0,10,355,50,2.998,25,81.2,81.2,81.2,79.9,79.9,79.9,80.1,80.1,80.1,80.38333333,461.5
1,2000000000000000.0,40,355,100,0.496,300,100000000000.0,100000000000.0,100000000000.0,100000000000.0,100000000000.0,100000000000.0,100000000000.0,100000000000.0,100000000000.0,100000000000.0,151.1
1,500000000000000.0,25,355,100,1.996,25,636000.0,639000.0,638000.0,636000.0,637000.0,637000.0,638000.0,639000.0,638000.0,637400.0,412.5
2,5000000000000000.0,55,355,100,1.502,25,10100.0,10100.0,10100.0,9980.0,10000.0,10000.0,10200.0,10300.0,10300.0,10105.33333,1437.0
2,500000000000000.0,25,532,50,3.003,25,2610.0,2620.0,2610.0,2610.0,2610.0,2610.0,2610.0,2610.0,2610.0,2611.666667,822.8
1,500000000000000.0,25,532,50,3.003,25,3890.0,3910.0,3900.0,3900.0,3900.0,3900.0,3890.0,3890.0,3890.0,3897.333333,319.8
1,5000000000000000.0,40,355,50,2.994,303,54.0,53.9,53.9,53.9,53.9,53.9,53.7,53.7,53.7,53.85,47.81
2,500000000000000.0,25,355,100,0.999,25,55700000.0,45100000.0,50400000.0,41500000.0,49900000.0,45700000.0,56700000.0,46400000.0,51500000.0,49196666.67,3888.0
1,800000000000000.0,40,532,50,4.503,300,256.0,256.0,256.0,255.0,255.0,255.0,255.0,255.0,255.0,255.2666667,141.3
1,5000000000000000.0,10,355,50,2.998,25,65.1,65.0,65.0,64.9,64.8,64.9,64.6,64.6,64.6,64.82,173.3
1,5000000000000000.0,55,532,50,6.001,25,54.4,54.4,54.4,54.0,54.1,54.1,54.3,54.3,54.3,54.24666667,51.87
1,500000000000000.0,55,355,50,2.997,25,4520.0,4520.0,4520.0,4520.0,4520.0,4520.0,4510.0,4520.0,4520.0,4519.0,249.7
2,500000000000000.0,25,532,50,6.003,300,458.0,458.0,458.0,459.0,459.0,459.0,459.0,459.0,459.0,458.6666667,193.1
2,2000000000000000.0,25,532,50,1.497,25,1590.0,1590.0,1590.0,1590.0,1590.0,1590.0,1590.0,1590.0,1590.0,1592.333333,2161.0
2,500000000000000.0,25,532,100,1.504,25,26200000.0,44500000.0,50400000.0,41200000.0,48400000.0,44800000.0,62000000.0,45700000.0,53900000.0,49686666.67,3552.0
1,5000000000000000.0,40,532,100,5.997,25,100.0,100.0,100.0,101.0,101.0,101.0,101.0,101.0,101.0,100.68,78.92
1,2000000000000000.0,10,532,50,3.003,25,279.0,279.0,279.0,279.0,278.0,279.0,279.0,279.0,279.0,278.6,308.2
2,2000000000000000.0,55,532,100,1.497,300,100000000000.0,100000000000.0,100000000000.0,100000000000.0,100000000000.0,100000000000.0,100000000000.0,100000000000.0,100000000000.0,100000000000.0,295.4
2,2000000000000000.0,10,532,50,2.994,300,186.0,196.0,196.0,196.0,196.0,196.0,196.0,196.0,196.0,196.0,280.8
1,500000000000000.0,40,532,100,1.498,300,1660000000.0,799000000.0,1230000000.0,1890000000.0,750000000.0,1320000000.0,1910000000.0,760000000.0,1340000000.0,1295333333.0,255.2
1,5000000000000000.0,10,532,100,1.498,300,20700000.0,20800000.0,20800000.0,20500000.0,20700000.0,20600000.0,2080000.0,20700000.0,20700000.0,20696666.67,218.2
1,2000000000000000.0,25,355,100,1.998,300,1130.0,1130.0,1130.0,1130.0,1130.0,1130.0,1130.0,1130.0,1130.0,1129.666667,133.6
1,2000000000000000.0,55,532,100,1.504,25,23400000.0,23700000.0,23600000.0,23900000.0,23400000.0,23600000.0,23900000.0,23100000.0,23500000.0,23570000.0,331.3
2,2000000000000000.0,25,532,50,6.003,300,111.0,111.0,111.0,109.0,109.0,109.0,109.0,109.0,109.0,109.5333333,65.82
2,800000000000000.0,40,532,100,6.003,300,449.0,447.0,448.0,445.0,445.0,445.0,444.0,444.0,444.0,445.7,150.1
1,2000000000000000.0,10,355,100,0.498,25,423000000.0,412000000.0,417000000.0,421000000.0,416000000.0,419000000.0,418000000.0,413000000.0,415000000.0,417100000.0,1123.0
2,500000000000000.0,10,532,100,2.996,25,143000.0,143000.0,143000.0,144000.0,143000.0,143000.0,146000.0,146000.0,146000.0,144133.3333,2501.0
2,500000000000000.0,10,355,100,1.998,25,9860000.0,14400000.0,12100000.0,15200000.0,13700000.0,14400000.0,13800000.0,13700000.0,13700000.0,13436666.67,2902.0
1,800000000000000.0,10,355,100,0.999,300,206000000.0,221000000.0,213000000.0,229000000.0,212000000.0,220000000.0,220000000.0,211000000.0,216000000.0,216300000.0,344.9
2,800000000000000.0,40,355,100,0.498,25,111000000.0,102000000.0,106000000.0,104000000.0,110000000.0,107000000.0,119000000.0,99600000.0,109000000.0,107400000.0,4545.0
1,5000000000000000.0,10,355,50,2.327,300,68.5,68.4,68.4,68.5,68.4,68.4,68.5,68.5,68.5,68.46,107.6
1,500000000000000.0,10,532,50,2.997,25,3650.0,3650.0,3650.0,3650.0,3650.0,3650.0,3.65,3650.0,3650.0,3651.333333,457.6
1,2000000000000000.0,40,532,100,2.995,300,683.0,683.0,683.0,685.0,685.0,685.0,687.0,687.0,687.0,685.1333333,106.4
1,5000000000000000.0,25,355,50,2.997,25,62.4,62.5,62.5,62.2,62.2,62.2,62.1,62.1,62.1,62.24,104.7
2,5000000000000000.0,25,532,100,2.995,300,282.0,282.0,282.0,282.0,282.0,282.0,281.0,281.0,281.0,281.8333333,222.6
2,800000000000000.0,40,532,50,2.994,300,580.0,580.0,580.0,579.0,579.0,579.0,580.0,580.0,580.0,579.5333333,227.5
1,800000000000000.0,10,355,100,1.496,300,2350000.0,2310000.0,2330000.0,2340000.0,2320000.0,2330000.0,2360000.0,2330000.0,2350000.0,2337000.0,310.1
1,2000000000000000.0,25,532,50,4.501,25,118.0,118.0,118.0,118.0,118.0,118.0,118.0,118.0,118.0,117.7333333,124.6
1,800000000000000.0,25,532,100,4.493,300,958.0,959.0,959.0,958.0,958.0,958.0,959.0,959.0,959.0,958.5,169.5
2,2000000000000000.0,25,355,50,2.998,301,133.0,133.0,133.0,133.0,133.0,133.0,132.0,132.0,132.0,132.8,105.5
1,500000000000000.0,10,532,50,4.501,300,826.0,826.0,826.0,828.0,828.0,828.0,826.0,827.0,827.0,826.8,202.4
1,2000000000000000.0,10,532,50,2.994,300,179.0,178.0,179.0,178.0,178.0,178.0,179.0,179.0,179.0,178.4333333,148.6
2,500000000000000.0,10,532,50,6.001,300,765.0,767.0,766.0,764.0,764.0,764.0,765.0,765.0,765.0,765.1,193.2
1,5000000000000000.0,40,355,100,1.999,298,341.0,341.0,341.0,340.0,340.0,340.0,341.0,341.0,341.0,340.65,79.43
2,500000000000000.0,10,355,50,1.002,25,3220000.0,3290000.0,3260000.0,4970000.0,4980000.0,4970000.0,4970000.0,4980000.0,4970000.0,4401000.0,4739.0
1,5000000000000000.0,10,532,100,2.996,25,384.0,383.0,384.0,383.0,383.0,383.0,381.0,381.0,381.0,382.5666667,400.5
2,500000000000000.0,25,355,50,0.998,300,6210.0,6220.0,6210.0,6200.0,6210.0,6210.0,6210.0,6210.0,6210.0,6208.666667,556.4
1,2000000000000000.0,40,532,100,1.497,300,100000000000.0,100000000000.0,100000000000.0,100000000000.0,100000000000.0,100000000000.0,100000000000.0,100000000000.0,100000000000.0,100000000000.0,130.6
2,800000000000000.0,10,532,100,5.998,25,1040.0,1040.0,1040.0,1040.0,1040.0,1040.0,1040.0,1040.0,1040.0,1042.666667,589.3
2,800000000000000.0,55,355,100,0.498,25,77200000.0,73200000.0,75200000.0,78700000.0,68400000.0,73500000.0,78500000.0,71900000.0,75200000.0,74640000.0,4137.0
1,500000000000000.0,25,0,0,0.0,25,127000000.0,123000000.0,125000000.0,137000000.0,130000000.0,133000000.0,139000000.0,131000000.0,135000000.0,131066666.7,953.0
1,5000000000000000.0,10,355,100,1.496,25,953000.0,954000.0,954000.0,947000.0,946000.0,947000.0,945000.0,945000.0,945000.0,948200.0,575.1
1,500000000000000.0,10,532,100,1.498,300,1650000000.0,762000000.0,1210000000.0,1830000000.0,637000000000.0,1230000000.0,1800000000.0,622000000.0,1210000000.0,1217000000.0,405.1
2,500000000000000.0,25,355,100,0.498,25,175000000.0,165000000.0,170000000.0,174000000.0,162000000.0,168000000.0,187000000.0,164000000.0,176000000.0,171366666.7,6273.0
1,800000000000000.0,10,532,100,6.003,300,549.0,551.0,550.0,548.0,549.0,548.0,549.0,549.0,549.0,549.2,144.2
2,500000000000000.0,55,355,100,0.999,300,100000000000.0,100000000000.0,100000000000.0,100000000000.0,100000000000.0,100000000000.0,100000000000.0,100000000000.0,100000000000.0,100000000000.0,449.6
1,500000000000000.0,25,532,100,4.502,25,4020.0,4030.0,4030.0,4020.0,4030.0,4030.0,4030.0,4030.0,4030.0,4027.333333,309.6
2,800000000000000.0,25,355,100,1.496,300,56900.0,57100.0,57000.0,56600.0,56700.0,56700.0,56900.0,56900.0,56900.0,56836.66667,467.8
1,5000000000000000.0,25,532,50,6.001,25,49.4,49.4,49.4,49.3,49.2,49.3,49.0,49.0,49.0,49.21,50.31
2,800000000000000.0,10,355,50,0.998,300,2950.0,2950.0,2950.0,3020.0,3020.0,3020.0,2990.0,2990.0,2990.0,2989.333333,767.1
1,800000000000000.0,10,532,50,4.503,300,261.0,261.0,261.0,261.0,261.0,261.0,261.0,261.0,261.0,260.9,142.6
2,2000000000000000.0,55,355,50,0.998,300,1460.0,1470.0,1460.0,1460.0,1460.0,1460.0,1460.0,1460.0,1460.0,1460.0,256.3
2,5000000000000000.0,55,355,50,1.659,25,184.0,184.0,184.0,186.0,186.0,186.0,186.0,186.0,186.0,185.1,649.0
1,2000000000000000.0,10,355,50,0.998,300,878.0,878.0,878.0,874.0,874.0,874.0,875.0,876.0,876.0,875.7,237.6
1,2000000000000000.0,10,532,50,6.003,300,104.0,104.0,104.0,102.0,102.0,102.0,102.0,102.0,102.0,102.5,68.65
2,500000000000000.0,55,0,0,0.0,25,85100000.0,80500000.0,82800000.0,93400000.0,83000000.0,88200000.0,77100000.0,84800000.0,81000000.0,83980000.0,7021.0
1,800000000000000.0,40,532,100,1.497,300,3510000000.0,856000000.0,2190000000.0,3580000000.0,903000000.0,2240000000.0,3500000000.0,840000000.0,2170000000.0,2198333333.0,197.1
2,2000000000000000.0,55,355,100,1.996,25,8820.0,8830.0,8830.0,8800.0,8810.0,8810.0,8780.0,8780.0,8780.0,8803.333333,935.3
1,2000000000000000.0,40,355,100,1.996,25,16300.0,16300.0,16700.0,16300.0,16300.0,16300.0,16200.0,16200.0,16200.0,16396.66667,218.9
1,2000000000000000.0,25,532,50,1.497,25,1690.0,1590.0,1690.0,1690.0,1690.0,1690.0,1690.0,1690.0,1690.0,1690.333333,343.5
1,5000000000000000.0,55,355,50,2.997,25,71.3,71.3,71.3,71.0,71.0,71.0,71.0,70.9,71.0,71.1,83.48
1,5000000000000000.0,25,355,100,1.496,300,1140.0,1140.0,1140.0,1140.0,1140.0,1140.0,1140.0,1140.0,1140.0,1140.333333,113.9
1,5000000000000000.0,40,532,100,5.996,299,63.8,63.8,63.8,64.0,64.0,64.0,64.0,64.0,64.0,63.93,46.43
1,800000000000000.0,40,532,100,3.002,25,28100.0,28100.0,28100.0,28100.0,28100.0,28100.0,28000.0,28000.0,28000.0,28043.33333,268.5
2,800000000000000.0,40,532,50,3.003,25,1180.0,1180.0,1180.0,1180.0,1180.0,1180.0,1180.0,1180.0,1180.0,1182.666667,578.1
1,5000000000000000.0,25,355,50,2.327,300,62.7,62.7,62.7,62.8,62.8,62.8,62.8,62.8,62.8,62.77,72.06
2,800000000000000.0,25,532,50,3.003,25,1030.0,1030.0,1030.0,1030.0,1030.0,1030.0,1030.0,1030.0,1030.0,1032.333333,745.7
2,500000000000000.0,55,532,50,1.497,25,152000.0,152000.0,150000.0,150000.0,150000.0,150000.0,150000.0,150000.0,150000.0,150000.0,1516.0
2,800000000000000.0,25,532,50,2.994,300,607.0,608.0,607.0,608.0,608.0,608.0,307.0,608.0,607.0,607.5666667,267.5
1,5000000000000000.0,25,355,100,0.498,25,181000000.0,169000000.0,175000000.0,180000000.0,168000000.0,174000000.0,194000000.0,173000000.0,183000000.0,177333333.3,566.1
2,2000000000000000.0,40,355,50,0.998,300,1230.0,1220.0,1220.0,1230.0,1230.0,1230.0,1230.0,1230.0,1230.0,1226.333333,304.7
1,5000000000000000.0,10,532,100,4.497,25,112.0,112.0,112.0,112.0,112.0,112.0,112.0,112.0,112.0,112.0333333,248.4
2,500000000000000.0,10,355,100,0.497,25,452000000.0,420000000.0,423000000.0,432000000.0,419000000.0,426000000.0,433000000.0,412000000.0,423000000.0,423766666.7,11510.0
2,5000000000000000.0,10,532,50,1.498,300,530.0,531.0,530.0,530.0,530.0,530.0,528.0,528.0,528.0,529.4,515.5
1,2000000000000000.0,55,355,50,2.998,301,141.0,141.0,141.0,141.0,141.0,141.0,141.0,141.0,141.0,140.9333333,83.28
2,5000000000000000.0,40,532,50,1.498,300,303.0,303.0,303.0,304.0,304.0,304.0,304.0,304.0,304.0,303.38,234.8
1,2000000000000000.0,10,355,100,1.998,300,727.0,728.0,728.0,726.0,726.0,727.0,727.0,728.0,728.0,727.2666667,204.0
1,800000000000000.0,40,355,100,1.502,25,10100000.0,10100000.0,10100000.0,10000000.0,10000000.0,10000000.0,10000000.0,10100000.0,10000000.0,10056666.67,336.2
1,5000000000000000.0,25,355,100,1.502,25,9970.0,9980.0,9980.0,9940.0,9950.0,9950.0,9950.0,9950.0,9950.0,9957.333333,311.7
2,500000000000000.0,40,355,50,2.997,298,1070.0,1070.0,1070.0,1070.0,1070.0,1070.0,1060.0,1060.0,1060.0,1064.333333,228.1
1,5000000000000000.0,55,355,100,0.498,25,178000000.0,169000000.0,174000000.0,181000000.0,167000000.0,180000000.0,191000000.0,171000000.0,181000000.0,178100000.0,440.0
2,5000000000000000.0,10,355,50,1.659,25,217.0,217.0,217.0,230.0,230.0,230.0,229.0,229.0,229.0,225.3666667,1767.0
2,2000000000000000.0,10,355,50,1.659,25,440.0,440.0,440.0,443.0,444.0,443.0,444.0,444.0,444.0,442.6333333,1911.0
2,5000000000000000.0,40,532,100,4.498,25,154.0,154.0,154.0,155.0,155.0,155.0,155.0,155.0,155.0,155.02,378.5
2,500000000000000.0,55,532,100,4.502,25,5760.0,5780.0,5770.0,5760.0,5770.0,5770.0,5760.0,5770.0,5770.0,5767.0,500.7
2,500000000000000.0,10,532,50,4.498,25,1320.0,1320.0,1320.0,1320.0,1320.0,1320.0,1320.0,1320.0,1320.0,1321.0,595.6
1,800000000000000.0,25,355,100,1.996,25,1460000.0,1460000.0,1460000.0,1460000.0,1460000.0,1460000.0,1460000.0,1460000.0,1460000.0,1460000.0,352.2
2,800000000000000.0,10,355,100,0.999,300,1310000000.0,950000000.0,1150000000.0,1420000000.0,914000000.0,1170000000.0,1370000000.0,923000000.0,1150000000.0,1153000000.0,943.1
2,500000000000000.0,25,355,100,0.496,300,100000000000.0,100000000000.0,100000000000.0,100000000000.0,100000000000.0,100000000000.0,100000000000.0,100000000000.0,100000000000.0,100000000000.0,832.0
2,5000000000000000.0,25,355,100,1.502,25,611000.0,593000.0,602000.0,574000.0,567000.0,570000.0,532000.0,541000.0,536000.0,569533.3333,2121.0
2,5000000000000000.0,55,355,50,1.002,25,882.0,882.0,882.0,882.0,882.0,882.0,880.0,880.0,880.0,881.2666667,1570.0
2,800000000000000.0,25,355,100,0.496,300,4490000000.0,781000000.0,2630000000.0,4430000000.0,764000000.0,2600000000.0,4490000000.0,713000000.0,2600000000.0,2609333333.0,754.7
1,5000000000000000.0,40,0,0,0.0,25,188000000.0,189000000.0,188000000.0,188000000.0,188000000.0,188000000.0,189000000.0,174000000.0,181000000.0,185850000.0,622.9
1,500000000000000.0,10,532,100,2.998,300,3410.0,3410.0,3410.0,3220.0,3220.0,3220.0,3220.0,3220.0,3220.0,3282.666667,338.8
2,2000000000000000.0,25,532,100,4.502,25,294.0,294.0,294.0,294.0,294.0,294.0,294.0,294.0,294.0,293.7333333,566.2
2,2000000000000000.0,10,355,50,1.658,300,301.0,301.0,301.0,300.0,300.0,300.0,300.0,300.0,300.0,300.1666667,412.4
1,5000000000000000.0,10,355,50,2.997,298,55.0,55.0,55.0,54.9,55.0,54.9,54.8,54.8,54.8,54.93,61.83
1,800000000000000.0,10,355,100,1.998,300,4500.0,4510.0,4500.0,4500.0,4510.0,4500.0,4510.0,4510.0,4510.0,4505.333333,281.4
2,2000000000000000.0,55,532,50,4.501,25,128.0,128.0,128.0,128.0,128.0,128.0,128.0,128.0,128.0,127.8333333,182.0
1,500000000000000.0,40,532,50,4.501,300,792.0,793.0,793.0,793.0,794.0,793.0,793.0,795.0,794.0,793.1333333,201.0
2,500000000000000.0,40,532,100,2.998,300,6330.0,6340.0,6340.0,6330.0,6330.0,6330.0,6340.0,6350.0,6340.0,6336.333333,353.3
1,500000000000000.0,25,355,100,0.496,300,100000000000.0,100000000000.0,100000000000.0,100000000000.0,100000000000.0,100000000000.0,100000000000.0,100000000000.0,100000000000.0,100000000000.0,321.0
1,800000000000000.0,25,532,50,6.001,25,426.0,426.0,426.0,424.0,425.0,424.0,424.0,424.0,424.0,424.8333333,146.1
2,500000000000000.0,55,532,50,4.501,25,1330.0,1330.0,1330.0,1320.0,1330.0,1330.0,1330.0,1330.0,1330.0,1325.333333,313.4
1,500000000000000.0,55,355,50,0.998,300,390000.0,391000.0,390000.0,388000.0,389000.0,389000.0,389000.0,389000.0,389000.0,389200.0,256.9
1,800000000000000.0,25,532,50,4.503,300,251.0,251.0,251.0,250.0,250.0,250.0,250.0,250.0,250.0,250.2,141.5
2,5000000000000000.0,10,0,0,0.0,25,294000000.0,283000000.0,288000000.0,292000000.0,284000000.0,288000000.0,285000000.0,278000000.0,282000000.0,286033333.3,18460.0
2,800000000000000.0,40,355,50,2.998,301,334.0,333.0,333.0,334.0,334.0,333.0,334.0,334.0,334.0,333.5,164.4
2,500000000000000.0,55,355,100,0.498,25,85700000.0,81700000.0,83700000.0,83700000.0,81200000.0,82500000.0,88900000.0,81100000.0,85000000.0,83723333.33,4058.0
1,2000000000000000.0,25,355,100,0.999,300,1180000000.0,703000000.0,1260000000.0,1940000000.0,602000000.0,1270000000.0,1940000000.0,566000000.0,1250000000.0,1260333333.0,165.8
2,800000000000000.0,40,355,50,1.002,25,66500.0,66500.0,66500.0,62400.0,62600.0,62500.0,54100.0,54200.0,54200.0,61056.66667,1930.0
1,2000000000000000.0,55,532,50,3.003,25,491.0,492.0,492.0,491.0,491.0,491.0,490.0,491.0,491.0,491.0,151.1
1,800000000000000.0,40,532,50,2.994,300,883.0,883.0,883.0,881.0,881.0,881.0,883.0,883.0,883.0,882.2,160.2
1,500000000000000.0,55,532,50,3.003,25,21400.0,21500.0,21500.0,21400.0,21500.0,21400.0,21500.0,21500.0,21500.0,21460.0,281.8
1,2000000000000000.0,55,355,100,1.998,300,2060.0,2060.0,2060.0,2060.0,2060.0,2060.0,2060.0,2060.0,2060.0,2060.0,112.4
2,500000000000000.0,10,355,100,0.499,300,100000000000.0,100000000000.0,100000000000.0,100000000000.0,100000000000.0,100000000000.0,100000000000.0,100000000000.0,100000000000.0,100000000000.0,1348.0
2,2000000000000000.0,10,355,100,1.996,25,9610.0,9610.0,9610.0,9460.0,9480.0,9470.0,9480.0,9450.0,9470.0,9516.0,2565.0
1,500000000000000.0,25,355,100,0.498,25,123000000.0,115000000.0,119000000.0,130000000.0,110000000.0,120000000.0,118000000.0,110000000.0,114000000.0,117566666.7,734.2
1,500000000000000.0,55,355,50,2.998,301,1690.0,1690.0,1690.0,1690.0,1690.0,1690.0,1690.0,1690.0,1690.0,1686.666667,219.1
1,800000000000000.0,40,355,50,2.998,301,489.0,489.0,489.0,483.0,483.0,483.0,481.0,481.0,481.0,484.1,144.0
2,2000000000000000.0,40,532,100,5.998,25,266.0,267.0,266.0,265.0,265.0,265.0,265.0,265.0,265.0,265.6333333,240.8
1,800000000000000.0,25,355,100,0.498,25,136000000.0,121000000.0,129000000.0,121000000.0,112000000.0,116000000.0,122000000.0,111000000.0,117000000.0,120533333.3,678.3
2,5000000000000000.0,10,355,50,1.002,25,443000.0,348000.0,396000.0,445000.0,348000.0,397000.0,445000.0,349000.0,397000.0,396366.6667,4127.0
1,5000000000000000.0,55,532,100,4.493,300,131.0,131.0,131.0,131.0,131.0,131.0,131.0,131.0,131.0,130.6666667,60.21
1,5000000000000000.0,55,532,50,2.994,300,75.6,75.7,75.7,75.7,75.7,75.7,75.7,75.7,75.7,75.7,63.22
2,500000000000000.0,55,532,50,1.497,300,8660.0,8670.0,8660.0,8660.0,8660.0,8660.0,8650.0,8670.0,8660.0,8660.666667,370.3
1,800000000000000.0,40,355,100,0.498,25,78800000.0,73400000.0,76100000.0,72100000.0,62800000.0,67400000.0,70300000.0,64200000.0,67300000.0,70260000.0,525.4
2,500000000000000.0,25,532,50,1.497,300,3310.0,3310.0,3310.0,3310.0,3290.0,3300.0,3290.0,3290.0,3290.0,3299.666667,522.6
2,2000000000000000.0,40,532,100,4.502,25,336.0,336.0,336.0,336.0,336.0,336.0,337.0,337.0,337.0,336.3333333,433.8
1,2000000000000000.0,55,532,50,4.501,25,130.0,130.0,130.0,129.0,129.0,129.0,129.0,129.0,129.0,129.4333333,108.2
1,500000000000000.0,55,355,50,2.327,300,2500.0,2500.0,2500.0,2500.0,2510.0,2500.0,2500.0,2500.0,2500.0,2502.0,229.8
1,2000000000000000.0,10,532,50,4.501,25,123.0,123.0,123.0,123.0,123.0,123.0,123.0,123.0,123.0,123.2333333,180.5
1,2000000000000000.0,25,355,100,0.999,25,57900000.0,52700000.0,55300000.0,53700000.0,43000000.0,48300000.0,45800000.0,42300000.0,44100000.0,49223333.33,454.5
1,2000000000000000.0,25,532,50,2.994,300,163.0,163.0,163.0,163.0,163.0,163.0,164.0,164.0,164.0,163.5,107.2
2,500000000000000.0,25,532,100,4.502,25,2530.0,2530.0,2530.0,2530.0,2530.0,2530.0,2530.0,2530.0,2530.0,2529.0,744.4
2,500000000000000.0,40,0,0,0.0,25,122000000.0,106000000.0,114000000.0,108000000.0,110000000.0,109000000.0,117000000.0,95600000.0,106000000.0,109733333.3,7600.0
1,800000000000000.0,25,355,100,0.999,25,36000000.0,35400000.0,35700000.0,35500000.0,34900000.0,35200000.0,35700000.0,35600000.0,35700000.0,35520000.0,526.3
2,2000000000000000.0,10,532,50,4.503,300,110.0,110.0,110.0,110.0,110.0,110.0,110.0,110.0,110.0,109.9333333,86.04
2,2000000000000000.0,40,355,50,1.659,25,522.0,523.0,522.0,522.0,522.0,522.0,521.0,522.0,521.0,521.9666667,830.7
1,500000000000000.0,55,532,50,4.503,300,594.0,595.0,595.0,595.0,595.0,595.0,592.0,593.0,593.0,593.8666667,213.9
1,500000000000000.0,10,532,50,1.498,300,3.89,3890.0,3890.0,3900.0,3900.0,3900.0,3890.0,3890.0,3890.0,3892.433333,374.5
1,500000000000000.0,10,355,100,1.496,25,93100000.0,77200000.0,85200000.0,81500000.0,71900000.0,76700000.0,98700000.0,74500000.0,86600000.0,82830000.0,778.3
2,5000000000000000.0,55,532,100,2.995,300,235.0,235.0,235.0,235.0,235.0,235.0,234.0,234.0,234.0,234.4333333,144.0
2,500000000000000.0,10,532,100,1.498,300,100000000000.0,100000000000.0,100000000000.0,100000000000.0,100000000000.0,100000000000.0,100000000000.0,100000000000.0,100000000000.0,100000000000.0,979.9
2,5000000000000000.0,10,355,100,1.998,25,4040.0,4050.0,4040.0,4060.0,4070.0,4070.0,4020.0,4030.0,4020.0,4043.666667,2394.0
2,500000000000000.0,55,532,100,4.493,300,1660.0,1660.0,1660.0,1660.0,1660.0,1660.0,1660.0,1660.0,1660.0,1658.666667,255.2
1,800000000000000.0,10,532,50,1.497,25,7340000.0,6920000.0,7130000.0,7090000.0,7840000.0,7470000.0,6490000.0,7470000.0,6980000.0,7193333.333,693.1
1,2000000000000000.0,55,532,50,6.001,25,134.0,134.0,134.0,134.0,134.0,134.0,133.0,133.0,133.0,133.4666667,83.5
1,800000000000000.0,25,355,50,2.998,301,400.0,400.0,400.0,398.0,398.0,398.0,398.0,398.0,398.0,398.8,148.4
1,5000000000000000.0,10,532,50,2.999,300,71.2,71.3,71.2,71.2,71.3,71.2,71.2,71.3,71.2,71.24,113.9
1,5000000000000000.0,10,0,0,0.0,25,163000000.0,152000000.0,158000000.0,175000000.0,162000000.0,168000000.0,167000000.0,167000000.0,167000000.0,164400000.0,1485.0
2,2000000000000000.0,25,532,100,1.497,300,100000000000.0,100000000000.0,100000000000.0,100000000000.0,100000000000.0,100000000000.0,100000000000.0,100000000000.0,100000000000.0,100000000000.0,456.1
2,2000000000000000.0,10,355,100,0.999,300,2230000000.0,919000000.0,1570000000.0,2250000000.0,880000000.0,1560000000.0,2170000000.0,818000000.0,1490000000.0,1542666667.0,810.7
1,800000000000000.0,10,532,100,4.502,25,1130.0,1130.0,1130.0,1120.0,1120.0,1120.0,1120.0,1120.0,1120.0,1125.0,367.2
1,500000000000000.0,25,355,50,2.998,301,1070.0,1070.0,1070.0,1070.0,1070.0,1070.0,1070.0,1070.0,1070.0,1071.0,208.4
1,2000000000000000.0,40,532,100,1.504,25,27400000.0,27100000.0,27200000.0,26600000.0,26400000.0,26500000.0,27000000.0,27000000.0,27000000.0,26910000.0,331.7
1,5000000000000000.0,55,355,100,0.999,25,52500000.0,54700000.0,53600000.0,56900000.0,52800000.0,54900000.0,59400000.0,47500000.0,53500000.0,53976666.67,318.4
1,800000000000000.0,10,355,50,2.327,300,503.0,504.0,504.0,502.0,503.0,502.0,503.0,503.0,503.0,502.8333333,219.4
1,5000000000000000.0,25,532,50,2.994,300,65.7,65.7,65.7,65.7,65.6,65.5,65.8,65.8,65.8,65.69,74.95
2,5000000000000000.0,40,355,50,0.999,25,742.0,742.0,742.0,742.0,742.0,742.0,742.0,742.0,742.0,742.02,1729.0
2,500000000000000.0,40,355,100,1.998,25,1200000.0,1200000.0,1200000.0,1200000.0,1200000.0,1200000.0,1200000.0,1200000.0,1200000.0,1202666.667,1279.0
2,800000000000000.0,55,355,100,0.999,300,100000000000.0,100000000000.0,100000000000.0,100000000000.0,100000000000.0,100000000000.0,100000000000.0,100000000000.0,100000000000.0,100000000000.0,389.7
1,2000000000000000.0,55,355,50,1.002,25,29600.0,29800.0,29700.0,29500.0,29500.0,29500.0,29600.0,29600.0,29600.0,29610.0,282.4
1,5000000000000000.0,40,355,50,2.327,25,72.5,72.5,72.5,72.6,72.6,72.6,72.4,72.4,72.4,72.52,110.3
2,800000000000000.0,25,532,50,4.503,300,253.0,253.0,253.0,254.0,254.0,254.0,254.0,254.0,254.0,253.4666667,151.3
2,800000000000000.0,55,355,100,1.496,300,45400.0,45500.0,45400.0,45300.0,45400.0,45400.0,45400.0,45400.0,45400.0,45386.66667,320.0
2,800000000000000.0,40,532,100,5.998,25,1120.0,1130.0,1120.0,1120.0,1120.0,1120.0,1120.0,1120.0,1120.0,1122.333333,318.3
2,5000000000000000.0,55,532,50,3.003,25,126.0,126.0,126.0,126.0,126.0,126.0,126.0,126.0,126.0,126.0333333,360.3
2,500000000000000.0,55,532,100,1.504,25,24000000.0,23600000.0,23800000.0,23700000.0,23000000.0,23300000.0,23700000.0,23300000.0,23500000.0,23530000.0,2238.0
1,2000000000000000.0,40,532,50,3.003,25,364.0,364.0,364.0,362.0,362.0,362.0,361.0,361.0,361.0,362.1666667,150.2
1,5000000000000000.0,10,355,100,1.998,300,284.0,284.0,284.0,284.0,284.0,284.0,283.0,283.0,283.0,283.5666667,167.0
2,800000000000000.0,25,0,0,0.0,25,198000000.0,175000000.0,186000000.0,190000000.0,173000000.0,181000000.0,195000000.0,179000000.0,187000000.0,184766666.7,10360.0
2,2000000000000000.0,55,532,50,6.003,300,108.0,108.0,108.0,108.0,108.0,108.0,108.0,108.0,108.0,107.5666667,65.9
2,2000000000000000.0,40,532,50,3.003,25,299.0,299.0,299.0,298.0,298.0,298.0,298.0,298.0,298.0,297.9666667,487.9
2,2000000000000000.0,25,532,100,4.493,300,254.0,254.0,254.0,254.0,254.0,254.0,254.0,254.0,254.0,253.6333333,167.3
1,2000000000000000.0,25,532,100,4.502,25,323.0,323.0,323.0,323.0,323.0,323.0,323.0,323.0,323.0,322.9,177.5
1,500000000000000.0,40,532,50,2.999,300,3060.0,3060.0,3060.0,3060.0,3070.0,3060.0,3060.0,3070.0,3070.0,3063.0,219.7
2,2000000000000000.0,10,355,100,0.498,25,463000000.0,444000000.0,454000000.0,455000000.0,446000000.0,451000000.0,456000000.0,440000000.0,448000000.0,450700000.0,11060.0
1,5000000000000000.0,10,355,100,1.001,25,16800000.0,16700000.0,16800000.0,16900000.0,16800000.0,16800000.0,16800000.0,16800000.0,16800000.0,16796666.67,768.6
2,800000000000000.0,55,355,50,1.002,25,90300.0,90100.0,90200.0,90200.0,90300.0,90200.0,90000.0,90100.0,90000.0,90160.0,1644.0
1,800000000000000.0,25,532,100,4.502,25,1360.0,1360.0,1360.0,1370.0,1360.0,1370.0,1360.0,1360.0,1360.0,1363.666667,248.1
2,2000000000000000.0,40,355,100,1.496,300,27200.0,27200.0,27200.0,27200.0,27200.0,27200.0,29000.0,29000.0,29000.0,27813.33333,292.9
2,500000000000000.0,10,532,100,2.998,300,3300.0,3300.0,3300.0,3290.0,3290.0,3290.0,3290.0,3290.0,3290.0,3293.0,619.2
2,5000000000000000.0,40,355,100,0.498,300,3310000000.0,1040000000.0,2180000000.0,3350000000.0,1060000000.0,2210000000.0,3350000000.0,914000000.0,2130000000.0,2170000000.0,434.3
1,2000000000000000.0,55,532,100,1.497,300,4690000000.0,1130000000.0,2910000000.0,4680000000.0,1200000000.0,2940000000.0,4650000000.0,1100000000.0,2870000000.0,2906333333.0,131.8
2,5000000000000000.0,55,355,50,2.998,301,65.3,62.3,65.3,65.1,65.1,65.1,65.1,65.1,65.1,65.14,58.22
2,5000000000000000.0,40,355,100,1.999,298,370.0,371.0,370.0,370.0,370.0,370.0,368.0,368.0,368.0,369.53,193.3
1,5000000000000000.0,40,355,50,2.327,306,62.1,62.1,62.1,62.0,62.0,62.0,62.2,62.2,62.2,62.09,59.23
2,500000000000000.0,10,0,0,0.0,25,445000000.0,440000000.0,443000000.0,445000000.0,443000000.0,443000000.0,444000000.0,431000000.0,437000000.0,440800000.0,19200.0
2,500000000000000.0,40,532,100,4.498,300,2110.0,2110.0,2110.0,2110.0,2110.0,2110.0,2110.0,2110.0,2110.0,2109.333333,276.9
1,2000000000000000.0,25,0,0,0.0,25,148000000.0,167000000.0,168000000.0,167000000.0,155000000.0,161000000.0,180000000.0,159000000.0,169000000.0,165900000.0,834.0
2,800000000000000.0,10,355,100,1.502,25,139000000.0,135000000.0,137000000.0,158000000.0,150000000.0,154000000.0,161000000.0,138000000.0,149000000.0,146633333.3,4251.0
1,500000000000000.0,55,355,100,1.496,300,65200000.0,75100000.0,70200000.0,63900000.0,62000000.0,62900000.0,93700000.0,77200000.0,85400000.0,72833333.33,255.1
1,800000000000000.0,40,532,50,4.501,25,474.0,475.0,475.0,473.0,474.0,473.0,474.0,473.0,473.0,473.8333333,172.6
1,5000000000000000.0,55,355,50,2.998,301,58.1,58.1,58.1,58.0,57.9,57.9,57.9,57.9,57.9,57.96666667,50.96
1,800000000000000.0,25,355,50,2.327,300,487.0,487.0,487.0,485.0,486.0,485.0,483.0,483.0,483.0,485.0333333,174.9
2,800000000000000.0,10,532,100,4.502,25,978.0,979.0,978.0,981.0,981.0,981.0,980.0,980.0,980.0,979.7666667,1093.0
1,2000000000000000.0,25,355,50,2.997,25,171.0,171.0,171.0,171.0,171.0,171.0,171.0,171.0,171.0,171.2333333,138.4
2,800000000000000.0,55,532,50,4.503,300,256.0,256.0,256.0,255.0,255.0,255.0,256.0,256.0,256.0,255.5666667,143.5
1,800000000000000.0,55,532,50,1.497,25,134000.0,134000.0,134000.0,135000.0,135000.0,135000.0,134000.0,133000.0,133000.0,134066.6667,332.2
2,500000000000000.0,40,532,50,4.498,25,1290.0,1290.0,1290.0,1290.0,1290.0,1290.0,1290.0,1290.0,1290.0,1289.0,353.3
1,2000000000000000.0,40,355,50,2.998,301,127.0,127.0,127.0,127.0,127.0,127.0,127.0,127.0,127.0,126.6333333,77.32
1,800000000000000.0,55,532,100,4.493,300,2910.0,2910.0,2910.0,2910.0,2910.0,2910.0,2910.0,2910.0,2910.0,2910.666667,165.1
2,2000000000000000.0,40,355,100,1.502,25,3610000.0,3580000.0,3590000.0,3540000.0,3540000.0,3540000.0,3550000.0,3530000.0,3540000.0,3557666.667,1677.0
2,5000000000000000.0,25,355,100,0.999,25,58300000.0,42500000.0,50400000.0,56000000.0,51000000.0,53500000.0,60000000.0,48700000.0,54300000.0,52736666.67,3472.0
1,500000000000000.0,10,532,100,2.996,25,23600.0,23600.0,23600.0,23200.0,23200.0,23200.0,23500.0,23500.0,23500.0,23426.66667,596.5
1,500000000000000.0,40,355,100,0.499,300,3480000000.0,895000000.0,2190000000.0,3490000000.0,816000000.0,2150000000.0,3550000000.0,882000000.0,2220000000.0,2185666667.0,274.8
1,2000000000000000.0,55,355,100,1.502,25,1840000.0,1800000.0,1820000.0,1840000.0,1810000.0,1820000.0,1840000.0,1810000.0,1820000.0,1822666.667,271.3
1,5000000000000000.0,40,532,50,1.498,25,450.0,450.0,450.0,445.0,444.0,445.0,446.0,447.0,447.0,447.17,233.1
2,500000000000000.0,10,532,50,5.999,25,1190.0,1190.0,1190.0,1190.0,1190.0,1190.0,1190.0,1190.0,1190.0,1189.666667,237.6
2,800000000000000.0,10,355,50,2.997,25,749.0,749.0,749.0,750.0,749.0,749.0,748.0,748.0,748.0,748.8333333,645.2
1,500000000000000.0,25,355,50,1.002,25,1490000.0,1500000.0,1500000.0,1490000.0,1500000.0,1500000.0,1500000.0,1500000.0,1500000.0,1497666.667,496.9
2,2000000000000000.0,55,355,50,2.997,25,189.0,189.0,189.0,188.0,188.0,188.0,188.0,188.0,188.0,188.3666667,218.3
2,5000000000000000.0,10,355,50,2.327,300,93.4,93.4,93.4,93.1,93.1,93.1,93.2,93.2,93.2,93.23333333,215.7
2,2000000000000000.0,55,355,100,1.496,300,22000.0,22000.0,22000.0,22000.0,22000.0,22000.0,22000.0,22000.0,22000.0,22033.33333,246.6
1,5000000000000000.0,40,355,50,1.659,25,173.0,172.0,172.0,173.0,173.0,173.0,172.0,172.0,172.0,172.45,158.5
2,2000000000000000.0,25,532,100,6.003,300,164.0,164.0,164.0,164.0,164.0,164.0,164.0,164.0,164.0,163.8666667,86.26
1,5000000000000000.0,25,355,50,1.659,25,150.0,150.0,150.0,151.0,151.0,151.0,150.0,150.0,150.0,150.3333333,206.5
2,2000000000000000.0,55,532,100,3.002,25,1770.0,1770.0,1770.0,1770.0,1770.0,1770.0,1760.0,1760.0,1760.0,1765.666667,793.3
2,5000000000000000.0,55,355,50,2.327,300,78.0,78.0,78.0,78.2,78.1,78.2,78.1,78.1,78.1,78.07333333,94.76
2,500000000000000.0,55,532,100,3.002,25,83500.0,83600.0,83600.0,83600.0,83600.0,83600.0,83500.0,83600.0,83600.0,83570.0,932.9
2,800000000000000.0,25,532,50,1.497,300,1890.0,1890.0,1890.0,1890.0,1890.0,1890.0,1890.0,1890.0,1890.0,1886.333333,451.5
2,500000000000000.0,25,532,50,4.501,25,1200.0,1200.0,1200.0,1190.0,1190.0,1190.0,1190.0,1190.0,1190.0,1194.0,420.5
1,800000000000000.0,40,355,100,1.996,25,768000.0,770000.0,769000.0,767000.0,769000.0,768000.0,766000.0,768000.0,767000.0,767966.6667,284.6
1,500000000000000.0,10,355,100,1.001,25,86000000.0,92300000.0,89100000.0,91400000.0,92800000.0,92100000.0,98900000.0,78000000.0,88400000.0,89883333.33,978.6
2,500000000000000.0,40,532,50,4.501,300,689.0,691.0,690.0,689.0,689.0,689.0,688.0,688.0,688.0,688.9333333,206.8
1,800000000000000.0,40,355,50,0.998,300,31300.0,31300.0,31300.0,31300.0,31300.0,31300.0,31200.0,31300.0,31300.0,31280.0,189.5
1,2000000000000000.0,25,532,50,6.003,300,94.5,94.4,94.4,94.1,84.1,84.1,94.3,94.3,94.3,90.95666667,68.7
2,500000000000000.0,55,355,50,1.659,25,10100.0,10200.0,10200.0,10200.0,10200.0,10200.0,10200.0,10200.0,10200.0,10153.33333,842.1
1,2000000000000000.0,10,355,100,1.502,25,24100000.0,23700000.0,23900000.0,23900000.0,23800000.0,23900000.0,23700000.0,23700000.0,23700000.0,23823333.33,623.1
2,800000000000000.0,40,355,100,0.496,300,100000000000.0,100000000000.0,100000000000.0,100000000000.0,100000000000.0,100000000000.0,100000000000.0,100000000000.0,100000000000.0,100000000000.0,584.7
1,5000000000000000.0,40,532,50,1.498,300,293.0,293.0,293.0,294.0,294.0,294.0,295.0,295.0,295.0,294.03,87.36
1,500000000000000.0,25,532,100,1.504,25,33100000.0,32900000.0,33000000.0,32500000.0,33200000.0,32800000.0,32800000.0,32300000.0,33100000.0,32976666.67,561.0
2,800000000000000.0,55,355,50,2.998,301,347.0,349.0,348.0,347.0,347.0,347.0,347.0,347.0,347.0,347.3333333,157.6
1,800000000000000.0,10,355,100,1.996,25,35400.0,35400.0,35400.0,35400.0,35400.0,35400.0,35400.0,35400.0,35400.0,35386.66667,569.5
1,500000000000000.0,25,355,100,1.496,300,172000000.0,239000000.0,206000000.0,99100000.0,210000000.0,155000000.0,101000000.0,172000000.0,137000000.0,165733333.3,280.2
2,500000000000000.0,10,355,50,2.997,298,1130.0,1130.0,1130.0,1130.0,1130.0,1130.0,1130.0,1130.0,1130.0,1126.333333,275.7
2,500000000000000.0,55,355,50,2.998,301,617.0,620.0,618.0,617.0,618.0,617.0,617.0,616.0,617.0,617.4333333,218.5
2,500000000000000.0,40,355,100,1.497,300,21500000.0,22500000.0,22000000.0,21700000.0,22300000.0,22000000.0,21500000.0,22200000.0,21900000.0,21950000.0,437.5
2,2000000000000000.0,40,532,50,1.497,300,694.0,696.0,695.0,694.0,695.0,694.0,693.0,694.0,694.0,694.2666667,281.5
2,500000000000000.0,10,355,50,2.328,25,2380.0,2380.0,2380.0,2380.0,2380.0,2380.0,2370.0,2370.0,2370.0,2375.0,1190.0
2,5000000000000000.0,10,532,100,4.497,25,191.0,191.0,191.0,190.0,190.0,190.0,190.0,190.0,190.0,190.3666667,855.8
2,2000000000000000.0,55,532,100,4.502,25,388.0,388.0,388.0,387.0,387.0,387.0,387.0,387.0,387.0,387.4,363.5
2,2000000000000000.0,10,0,0,0.0,25,458000000.0,446000000.0,452000000.0,454000000.0,438000000.0,446000000.0,453000000.0,441000000.0,447000000.0,448266666.7,18850.0
2,800000000000000.0,55,355,50,2.997,25,741.0,741.0,741.0,741.0,741.0,741.0,741.0,741.0,741.0,740.8333333,290.7
1,5000000000000000.0,25,355,100,0.496,300,114000000.0,110000000.0,112000000.0,121000000.0,108000000.0,115000000.0,123000000.0,114000000.0,118000000.0,114966666.7,153.4
2,5000000000000000.0,25,355,100,1.996,25,3300.0,3300.0,3300.0,3300.0,3300.0,3300.0,3300.0,3300.0,3300.0,3298.333333,1354.0
2,800000000000000.0,40,355,50,2.326,25,911.0,912.0,911.0,912.0,911.0,911.0,909.0,910.0,909.0,910.4333333,520.9
1,2000000000000000.0,10,355,100,1.496,300,132000.0,132000.0,132000.0,132000.0,132000.0,132000.0,132000.0,132000.0,132000.0,131900.0,232.3
2,5000000000000000.0,10,355,50,1.001,301,451.0,451.0,451.0,463.0,463.0,463.0,462.0,462.0,462.0,458.4666667,562.4
2,5000000000000000.0,40,355,50,2.994,303,66.0,66.0,66.0,66.0,65.9,65.9,65.9,65.9,65.9,65.95,63.77
1,500000000000000.0,55,532,50,1.497,300,109000.0,109000.0,109000.0,109000.0,109000.0,109000.0,109000.0,109000.0,109000.0,108933.3333,253.3
1,800000000000000.0,40,355,50,2.326,25,1580.0,1580.0,1580.0,1580.0,1580.0,1580.0,1570.0,1570.0,1570.0,1575.666667,209.1
1,2000000000000000.0,25,355,50,1.659,25,492.0,492.0,492.0,490.0,490.0,490.0,490.0,490.0,490.0,490.6666667,243.6
2,2000000000000000.0,40,532,50,6.001,25,126.0,126.0,126.0,125.0,125.0,125.0,125.0,125.0,125.0,125.2666667,90.48
2,800000000000000.0,25,355,50,2.998,301,340.0,334.0,334.0,332.0,334.0,333.0,334.0,334.0,334.0,333.7333333,177.6
1,5000000000000000.0,10,355,50,1.001,301,288.0,288.0,288.0,288.0,288.0,288.0,288.0,288.0,288.0,288.0,198.4
2,500000000000000.0,55,355,50,2.326,25,2800.0,2810.0,2800.0,2810.0,2810.0,2810.0,2800.0,2800.0,2800.0,2804.0,500.2
1,5000000000000000.0,55,355,50,2.326,25,88.0,88.1,88.1,88.0,87.9,88.0,88.0,88.0,88.0,88.00333333,110.4
1,500000000000000.0,10,355,100,0.497,25,334000000.0,319000000.0,326000000.0,328000000.0,320000000.0,324000000.0,334000000.0,318000000.0,326000000.0,325500000.0,1280.0
1,2000000000000000.0,40,355,100,0.999,25,29000000.0,28200000.0,28600000.0,28700000.0,28800000.0,28700000.0,28200000.0,28000000.0,28100000.0,28476666.67,349.8
2,5000000000000000.0,25,532,50,3.003,25,124.0,124.0,124.0,123.0,123.0,123.0,124.0,124.0,124.0,123.6,566.5
2,800000000000000.0,10,355,100,1.998,300,3470.0,3480.0,3480.0,3480.0,3480.0,3480.0,3480.0,3480.0,3480.0,3477.0,591.6
2,800000000000000.0,10,532,100,1.497,300,3450000000.0,799000000.0,2120000000.0,3400000000.0,936000000.0,2170000000.0,3390000000.0,848000000.0,2120000000.0,2137666667.0,886.6
